ID_Venta,Marca,Pais_Origen,Tipo_Carroceria,Tipo_Combustible,Caballos_Fuerza,Precio_Catalogo_Original,Sede,Ciudad_Sede,Precio_Construccion,Precio_Publico,Cantidad_Vendida,Anio_Venta
1,Chevrolet,Estados Unidos,Hatchback,Gas,50,5253.0,Primeauto Andino,Pereira,3298,6329.0,191.0,2026-01-01
2,Toyota,Japon,Hatchback,Diesel,56,7819.0,Velocity Motors,Bucaramanga,4792,9238.0,177.0,2025-01-01
3,Saab,Suecia,Sedan,Gas,112,15689.0,Velocity Motors,Bucaramanga,10232,18984.0,126.0,2026-01-01
4,Nissan,Japon,Sedan,Gas,69,6830.0,Velocity Motors,Bucaramanga,4425,7953.0,203.0,2024-01-01
5,Nissan,Japon,Sedan,Diesel,55,6898.0,Primeauto Andino,Pereira,8511,7797.0,143.0,2025-01-01
6,Toyota,Japon,Sedan,Gas,89,11233.0,Primeauto Andino,Cali,6965,13277.0,191.0,2025-01-01
7,Chevrolet,Estados Unidos,Hatchback,Gas,49,5118.0,Primeauto Andino,Pereira,3504,6195.0,176.0,2026-01-01
8,Subaru,Japon,Sedan,Gas,80,9339.0,MotorCenter Sur,Medellin,5460,9830.0,189.0,2025-01-01
9,Honda,Japon,Sedan,Gas,103,13026.0,Autoplaza Norte,Bogota,8459,13981.0,175.0,2026-01-01
10,Chevrolet,Estados Unidos,Hatchback,Gas,73,6159.0,Motor Center Sur,Medellin,4328,7114.0,218.0,2024-01-01
11,Peugot,Francia,Sedan,Diesel,96,13190.0,Carworld Pacifico,Cali,9356,15081.0,107.0,2026-01-01
12,Volvo,Suecia,Sedan,Gas,113,16478.0,MotorCenter Sur,Medellin,9831,19329.0,103.0,2026-01-01
13,Toyota,Japon,Hatchback,Gas,63,6100.0,Velocity Motors,Bucaramanga,4222,7418.0,175.0,2026-01-01
14,Toyota,Japon,Sedan,Gas,69,6852.0,Drivehub Caribe,Barranquilla,5201,7769.0,213.0,2024-01-01
15,Subaru,Japon,Wagon,Gas,85,7703.0,Drivehub Caribe,Barranquilla,4795,9597.0,165.0,2025-01-01
16,Toyota,Japon,Hatchback,Gas,66,8452.0,Drivehub Caribe,Barranquilla,5121,9381.0,181.0,2026-01-01
17,Nissan,Japon,Hatchback,Gas,158,17658.0,Autoplaza Norte,Bogota,10940,21713.0,103.0,2025-01-01
18,Dodge,Estados Unidos,Sedan,Gas,63,7799.0,Velocity Motors,Bucaramanga,4700,8854.0,189.0,2026-01-01
19,Toyota,Japon,Convertible,Gas,110,16938.0,Carworld Pacifico,Cali,13711,19144.0,119.0,2026-01-01
20,Nissan,Japon,Wagon,Gas,72,7203.0,MotorCenter Sur,Medellin,4849,8423.0,191.0,2026-01-01
21,Nissan,Japon,Sedan,Gas,157,13204.0,Velocity Motors,Bucaramanga,9582,15141.0,167.0,2025-01-01
22,Mitsubishi,Japon,Hatchback,Gas,66,6476.0,Primeauto Andino,Pereira,4099,7101.0,171.0,2026-01-01
23,Honda,Japon,Hatchback,Gas,81,7986.0,Primeauto Andino,Pereira,4976,8688.0,195.0,2026-01-01
24,Volkswagen,Alemania,Hatchback,Gas,81,9906.0,Velocity Motors,Bucaramanga,8909,10634.0,206.0,2025-01-01
25,Toyota,Japon,Hatchback,Gas,69,8504.0,Drivehub Caribe,Barranquilla,5309,9586.0,212.0,2026-01-01
26,Saab,Suecia,Sedan,Gas,119,11272.0,Autoplaza Norte,Bogota,7400,13656.0,198.0,2026-01-01
27,Mitsubishi,Japon,Hatchback,Gas,147,14847.0,MotorCenter Sur,Medellin,9384,16339.0,140.0,2026-01-01
28,Toyota,Japon,Hatchback,Gas,102,10687.0,Velocity Motors,Bucaramanga,7109,11610.0,174.0,2023-01-01
29,Peugot,Francia,Sedan,Diesel,97,16978.0,Drivehub Caribe,Cali,11043,17957.0,143.0,2026-01-01
30,Nissan,Japon,Sedan,Gas,65,6865.0,Velocity Motors,Bucaramanga,8365,7891.0,159.0,2025-01-01
31,Nissan,Japon,Wagon,Gas,68,7490.0,MotorCenter Sur,Medellin,5041,8081.0,214.0,2026-01-01
32,Jaguar,Reino Unido,Sedan,Gas,177,36664.0,Autoplaza Norte,Bogota,23579,36714.0,63.0,2026-01-01
33,Chevrolet,Estados Unidos,Hatchback,Gas,70,5855.0,Motor Center Sur,Medellin,4327,7709.0,183.0,2024-01-01
34,Peugot,Francia,Wagon,Diesel,98,16070.0,Autoplaza Norte,Bogota,12794,19401.0,149.0,2025-01-01
35,Volkswagen,Alemania,Sedan,Diesel,53,7832.0,Primeauto Andino,Cali,5237,8974.0,188.0,2024-01-01
36,Bmw,Alemania,Sedan,Gas,124,20577.0,Primeauto Andino,Pereira,13069,24117.0,143.0,2026-01-01
37,Toyota,Japon,Sedan,Gas,90,11398.0,Primeauto Andino,Cali,7288,12918.0,166.0,2025-01-01
38,Toyota,Japon,Hardtop,Gas,120,11075.0,Primeauto Andino,Pereira,6595,12219.0,178.0,2026-01-01
39,Mazda,Japon,Hatchback,Gas,143,14586.0,Velocity Motors,Cali,10686,18199.0,152.0,2026-01-01
40,Renault,Francia,Wagon,Gas,100,8882.0,Primeauto Andino,Pereira,5618,10055.0,146.0,2026-01-01
41,Honda,Japon,Hatchback,Gas,74,6443.0,Carworld Pacifico,Cali,4499,7538.0,205.0,2026-01-01
42,Toyota,Japon,Sedan,Gas,73,6881.0,Drivehub Caribe,Barranquilla,4973,7315.0,206.0,2024-01-01
43,Subaru,Japon,Sedan,Gas,81,9172.0,MotorCenter Sur,Medellin,4881,9255.0,184.0,2025-01-01
44,Mercedes-Benz,Alemania,Hardtop,Gas,193,44726.0,Primeauto Andino,Pereira,29373,48473.0,1.0,2023-01-01
45,Bmw,Alemania,Sedan,Gas,119,25493.0,Velocity Motors,Bucaramanga,17024,29306.0,98.0,2026-01-01
46,Volvo,Suecia,Wagon,Gas,170,19745.0,Drivehub Caribe,Barranquilla,11689,21851.0,113.0,2026-01-01
47,Nissan,Japon,Sedan,Gas,69,6808.0,Velocity Motors,Bucaramanga,8434,7393.0,164.0,2025-01-01
48,Volkswagen,Alemania,Sedan,Gas,86,7379.0,Autoplaza Norte,Bogota,4649,8466.0,193.0,2026-01-01
49,Subaru,Japon,Hatchback,Gas,77,7767.0,MotorCenter Sur,Medellin,8383,9003.0,204.0,2026-01-01
50,Toyota,Japon,Sedan,Gas,69,7888.0,Drivehub Caribe,Barranquilla,5291,9045.0,195.0,2025-01-01
51,Toyota,Japon,Sedan,Gas,68,7013.0,Drivehub Caribe,Barranquilla,5105,7348.0,213.0,2024-01-01
52,Honda,Japon,Sedan,Gas,85,10649.0,Carworld Pacifico,Cali,6537,11855.0,172.0,2024-01-01
53,Mitsubishi,Japon,Hatchback,Gas,69,5169.0,Carworld Pacifico,Cali,3505,6282.0,168.0,2023-01-01
54,Nissan,Japon,Sedan,Gas,65,8026.0,Autoplaza Norte,Bogota,4621,8960.0,202.0,2026-01-01
55,Nissan,Japon,Sedan,Gas,155,13046.0,Velocity Motors,Bucaramanga,9847,13794.0,159.0,2025-01-01
56,Audi,Alemania,Sedan,Gas,137,24501.0,Drivehub Caribe,Barranquilla,13969,29171.0,83.0,2026-01-01
57,Peugot,Francia,Sedan,Diesel,99,15902.0,Drivehub Caribe,Cali,10529,18415.0,139.0,2026-01-01
58,Honda,Japon,Hatchback,Gas,55,5223.0,MotorCenter Sur,Medellin,3980,6020.0,180.0,2025-01-01
59,Toyota,Japon,Wagon,Gas,60,7285.0,Primeauto Andino,Cali,4108,8024.0,169.0,2026-01-01
60,Subaru,Japon,Sedan,Gas,77,7061.0,Primeauto Andino,Pereira,3993,8517.0,204.0,2023-01-01
61,Volkswagen,Alemania,Convertible,Gas,87,11936.0,Carworld Pacifico,Cali,8667,13327.0,148.0,2026-01-01
62,Toyota,Japon,Wagon,Gas,63,6975.0,Primeauto Andino,Cali,3974,8214.0,136.0,2026-01-01
63,Mitsubishi,Japon,Hatchback,Gas,68,5369.0,Carworld Pacifico,Cali,3583,6294.0,176.0,2023-01-01
64,Volvo,Suecia,Sedan,Gas,161,19299.0,Autoplaza Norte,Bogota,8532,21660.0,112.0,2026-01-01
65,Mitsubishi,Japon,Sedan,Gas,88,6931.0,Carworld Pacifico,Cali,4769,7973.0,184.0,2025-01-01
66,Mercedes-Benz,Alemania,Wagon,Diesel,124,26487.0,Carworld Pacifico,Cali,19755,33070.0,68.0,2026-01-01
67,Volkswagen,Alemania,Sedan,Gas,82,8256.0,Drivehub Caribe,Barranquilla,5439,10238.0,153.0,2026-01-01
68,Mitsubishi,Japon,Hatchback,Gas,70,6308.0,Primeauto Andino,Pereira,3719,6761.0,193.0,2026-01-01
69,Bmw,Alemania,Sedan,Gas,186,41887.0,Carworld Pacifico,Cali,8695,48136.0,32.0,2024-01-01
70,Nissan,Japon,Wagon,Gas,70,7560.0,Carworld Pacifico,Cali,5112,9194.0,213.0,2026-01-01
71,Toyota,Japon,Sedan,Gas,71,7854.0,Carworld Pacifico,Cali,4852,8527.0,188.0,2025-01-01
72,Honda,Japon,Sedan,Gas,87,8665.0,Carworld Pacifico,Cali,6430,10561.0,196.0,2025-01-01
73,Nissan,Japon,Sedan,Gas,74,7403.0,Autoplaza Norte,Bogota,4310,8289.0,208.0,2026-01-01
74,Dodge,Estados Unidos,Sedan,Gas,102,8146.0,Carworld Pacifico,Cali,6187,10107.0,218.0,2025-01-01
75,Subaru,Japon,Sedan,Gas,81,6969.0,Primeauto Andino,Pereira,3875,8390.0,212.0,2023-01-01
76,Nissan,Japon,Hardtop,Gas,67,8039.0,Carworld Pacifico,Cali,5227,9627.0,209.0,2025-01-01
77,Mercedes-Benz,Alemania,Hardtop,Diesel,119,28937.0,MotorCenter Sur,Medellin,19833,31285.0,94.0,2025-01-01
78,Jaguar,Reino Unido,Sedan,Gas,168,36557.0,Autoplaza Norte,Bogota,24577,38300.0,61.0,2026-01-01
79,Peugot,Francia,Sedan,Diesel,92,17858.0,Velocity Motors,Bucaramanga,11542,20146.0,151.0,2026-01-01
80,Subaru,Japon,Hatchback,Gas,69,5118.0,Autoplaza Norte,Bogota,3116,5763.0,197.0,2024-01-01
81,Volkswagen,Alemania,Wagon,Gas,89,12350.0,Primeauto Andino,Pereira,7843,12981.0,146.0,2026-01-01
82,Nissan,Japon,Sedan,Diesel,55,6896.0,Primeauto Andino,Pereira,8942,7183.0,155.0,2025-01-01
83,Honda,Japon,Hatchback,Gas,74,6267.0,Carworld Pacifico,Cali,4254,7182.0,158.0,2025-01-01
84,Toyota,Japon,Hatchback,Gas,120,11169.0,Carworld Pacifico,Cali,6923,12954.0,156.0,2026-01-01
85,Renault,Francia,Wagon,Gas,106,9088.0,Primeauto Andino,Pereira,5474,10923.0,162.0,2026-01-01
86,Subaru,Japon,Sedan,Gas,82,8857.0,MotorCenter Sur,Medellin,5246,10045.0,138.0,2025-01-01
87,Chevrolet,Estados Unidos,Sedan,Gas,68,6612.0,Carworld Pacifico,Cali,3780,7217.0,216.0,2024-01-01
88,Mazda,Japon,Sedan,Gas,122,18747.0,Drivehub Caribe,Barranquilla,12458,20577.0,168.0,2026-01-01
89,Toyota,Japon,Sedan,Diesel,56,7459.0,Carworld Pacifico,Cali,4477,8747.0,212.0,2024-01-01
90,Toyota,Japon,Hatchback,Gas,110,11559.0,Carworld Pacifico,Cali,7189,12671.0,149.0,2026-01-01
91,Nissan,Japon,Sedan,Diesel,55,7044.0,Primeauto Andino,Pereira,8737,7719.0,171.0,2025-01-01
92,Toyota,Japon,Sedan,Gas,113,9409.0,MotorCenter Sur,Medellin,6272,10527.0,191.0,2026-01-01
93,Toyota,Japon,Sedan,Gas,100,8944.0,Carworld Pacifco,Cali,6240,10631.0,183.0,2025-01-01
94,Mitsubishi,Japon,Hatchback,Gas,117,9452.0,MotorCenter Sur,Medellin,5499,10368.0,195.0,2025-01-01
95,Volkswagen,Alemania,Sedan,Diesel,49,7642.0,Autoplaza Norte,Bogota,5939,8940.0,173.0,2024-01-01
96,Mazda,Japon,Sedan,Gas,88,8504.0,Carworld Pacifico,Cali,4999,9751.0,157.0,2026-01-01
97,Mazda,Japon,Hatchback,Gas,71,6314.0,Autoplaza Norte,Bogota,3446,6946.0,132.0,2025-01-01
98,Subaru,Japon,Sedan,Gas,81,6574.0,Primeauto Andino,Pereira,4101,8630.0,181.0,2023-01-01
99,Renault,Francia,Hatchback,Gas,105,10015.0,Drivehub Caribe,Cali,6373,10579.0,144.0,2025-01-01
100,Dodge,Estados Unidos,Hatchback,Gas,133,13504.0,Autoplaza Norte,Bogota,7260,15215.0,146.0,2026-01-01
101,Toyota,Japon,Hatchback,Gas,111,11487.0,Carworld Pacifico,Cali,6885,13246.0,160.0,2026-01-01
102,Honda,Japon,Sedan,Gas,100,13194.0,Autoplaza Norte,Bogota,8434,14137.0,182.0,2026-01-01
103,Toyota,Japon,Sedan,Gas,108,9069.0,MotorCenter Sur,Medellin,6035,10373.0,205.0,2026-01-01
104,Alfa-Romero,Italia,Convertible,Gas,106,16431.0,Velocity Motors,Bucaramanga,9439,19422.0,118.0,2026-01-01
105,Toyota,Japon,Hatchback,Gas,75,7771.0,MotorCenter Sur,Medellin,6334,9609.0,155.0,2026-01-01
106,Toyota,Japon,Sedan,Gas,67,8498.0,Primeauto Andino,Pereira,6644,9728.0,143.0,2026-01-01
107,Toyota,Japon,Sedan,Gas,68,7993.0,Drivehub Caribe,Barranquilla,5338,8637.0,204.0,2025-01-01
108,Saab,Suecia,Sedan,Gas,161,17978.0,Drivehub Caribe,Barranquilla,11932,20513.0,102.0,2025-01-01
109,Nissan,Japon,Wagon,Gas,73,7871.0,Carworld Pacifico,Cali,5550,9258.0,190.0,2026-01-01
110,Subaru,Japon,Sedan,Gas,106,10713.0,MotorCenter Sur,Medellin,6879,12082.0,172.0,2026-01-01
111,Mazda,Japon,Hatchback,Gas,136,14873.0,Velocity Motors,Cali,12226,18629.0,198.0,2026-01-01
112,Toyota,Japon,Sedan,Gas,74,7691.0,Drivehub Caribe,Barranquilla,5171,9117.0,185.0,2025-01-01
113,Peugot,Francia,Wagon,Diesel,90,16639.0,Autoplaza Norte,Bogota,13057,19463.0,145.0,2025-01-01
114,Nissan,Japon,Hatchback,Gas,66,7902.0,MotorCenter Sur,Medellin,4687,8875.0,193.0,2026-01-01
115,Nissan,Japon,Hatchback,Gas,158,17471.0,Autoplaza Norte,Bogota,9332,21074.0,118.0,2024-01-01
116,Peugot,Francia,Sedan,Gas,139,18354.0,MotorCenter Sur,Medellin,11139,19440.0,122.0,2024-01-01
117,Audi,Alemania,Wagon,Gas,113,19078.0,Drivehub Caribe,Barranquilla,14323,22109.0,139.0,2024-01-01
118,Dodge,Estados Unidos,Hatchback,Gas,146,13680.0,Autoplaza Norte,Bogota,7017,13955.0,164.0,2026-01-01
119,Mazda,Japon,Hatchback,Gas,64,6541.0,Carworld Pacifico,Cali,5256,7936.0,218.0,2025-01-01
120,Dodge,Estados Unidos,Hatchback,Gas,69,6217.0,MotorCenter Sur,Medellin,3936,6887.0,218.0,2026-01-01
121,Nissan,Japon,Sedan,Gas,68,6913.0,Velocity Motors,Bucaramanga,4660,8370.0,203.0,2024-01-01
122,Subaru,Japon,Hatchback,Gas,72,5345.0,Autoplaza Norte,Bogota,3077,5622.0,186.0,2024-01-01
123,Saab,Suecia,Sedan,Gas,108,14738.0,Velocity Motors,Bucaramanga,10318,19078.0,130.0,2026-01-01
124,Nissan,Japon,Wagon,Gas,67,7912.0,Carworld Pacifico,Cali,5655,9462.0,195.0,2026-01-01
125,Toyota,Japon,Hatchback,Gas,94,10463.0,Carworld Pacifico,Cali,6092,11678.0,186.0,2026-01-01
126,Peugot,Francia,Sedan,Diesel,98,18269.0,Velocity Motors,Bucaramanga,10589,19550.0,154.0,2026-01-01
127,Bmw,Alemania,Sedan,Gas,185,41597.0,Carworld Pacifico,Cali,8486,49622.0,38.0,2024-01-01
128,Toyota,Japon,Hatchback,Gas,66,7143.0,Velocity Motors,Bucaramanga,4444,8138.0,175.0,2026-01-01
129,Plymouth,Estados Unidos,Hatchback,Gas,106,5497.0,MotorCenter Sur,Medellin,3207,6119.0,188.0,2023-01-01
130,Renault,Francia,Hatchback,Gas,100,9995.0,Drivehub Caribe,Cali,5726,11350.0,137.0,2025-01-01
131,Peugot,Francia,Sedan,Diesel,96,17791.0,Velocity Motors,Bucaramanga,11286,20190.0,195.0,2026-01-01
132,Peugot,Francia,Wagon,Diesel,90,17050.0,Autoplaza Norte,Bogota,12470,18773.0,143.0,2025-01-01
133,Chevrolet,Estados Unidos,Hatchback,Gas,71,6312.0,Motor Center Sur,Medellin,4150,7308.0,185.0,2024-01-01
134,Peugot,Francia,Sedan,Gas,94,16235.0,Drive Hub Caribe,Barranquilla,8786,17211.0,107.0,2026-01-01
135,Toyota,Japon,Sedan,Gas,67,8208.0,Carworld Pacifico,Cali,4754,9164.0,218.0,2025-01-01
136,Mazda,Japon,Hatchback,Gas,86,12392.0,Velocity Motors,Bucaramanga,7092,12718.0,123.0,2026-01-01
137,Plymouth,Estados Unidos,Hatchback,Gas,146,11970.0,Autoplaza Norte,Bogota,7434,14506.0,143.0,2024-01-01
138,Audi,Alemania,Sedan,Gas,108,17911.0,Drivehub Caribe,Barranquilla,9988,18951.0,157.0,2026-01-01
139,Mercedes-Benz,Alemania,Convertible,Gas,163,34123.0,Primeauto Andino,Pereira,27373,41460.0,46.0,2025-01-01
140,Nissan,Japon,Sedan,Diesel,54,7242.0,Primeauto Andino,Pereira,8341,7599.0,138.0,2025-01-01
141,Volvo,Suecia,Sedan,Gas,160,19076.0,Carworld Pacifico,Cali,10574,21673.0,114.0,2026-01-01
142,Isuzu,Japon,Hatchback,Gas,91,11343.0,Drivehub Caribe,Barranquilla,8115,11801.0,151.0,2024-01-01
143,Mazda,Japon,Hatchback,Gas,132,16289.0,Velocity Motors,Cali,11451,18445.0,188.0,2026-01-01
144,Mitsubishi,Japon,Sedan,Gas,89,7036.0,Carworld Pacifico,Cali,4758,8140.0,211.0,2025-01-01
145,Volvo,Suecia,Sedan,Diesel,104,23360.0,Primeauto Andino,Pereira,16669,26133.0,121.0,2024-01-01
146,Toyota,Japon,Hatchback,Gas,91,9168.0,Carworld Pacifico,Cali,6588,11376.0,175.0,2026-01-01
147,Audi,Alemania,Sedan,Gas,115,18696.0,Drivehub Caribe,Barranquilla,10792,18116.0,137.0,2026-01-01
148,Mazda,Japon,Hatchback,Gas,66,5263.0,Carworld Pacifico,Cali,3077,6476.0,177.0,2026-01-01
149,Toyota,Japon,Hatchback,Gas,95,10366.0,Velocity Motors,Bucaramanga,6881,11644.0,172.0,2023-01-01
150,Bmw,Alemania,Sedan,Gas,128,20075.0,Drive Hub Caribe,Barranquilla,11709,25590.0,91.0,2026-01-01
151,Toyota,Japon,Hatchback,Gas,100,9698.0,Carworld Pacifico,Cali,6073,11831.0,160.0,2026-01-01
152,Mazda,Japon,Hatchback,Gas,83,8890.0,MotorCenter Sur,Medellin,5189,10200.0,169.0,2025-01-01
153,Volkswagen,Alemania,Sedan,Gas,93,9989.0,Autoplaza Norte,Bogota,5864,11686.0,180.0,2026-01-01
154,Mazda,Japon,Sedan,Gas,83,10347.0,Carworld Pacifco,Cali,7664,11731.0,157.0,2025-01-01
155,Nissan,Japon,Sedan,Diesel,54,7368.0,Primeauto Andino,Pereira,8906,7174.0,137.0,2025-01-01
156,Saab,Suecia,Sedan,Gas,159,17470.0,Drivehub Caribe,Barranquilla,11668,20909.0,88.0,2025-01-01
157,Dodge,Estados Unidos,Sedan,Gas,65,7868.0,Velocity Motors,Bucaramanga,4756,9343.0,170.0,2026-01-01
158,Peugot,Francia,Wagon,Diesel,97,17080.0,Autoplaza Norte,Bogota,13035,19321.0,142.0,2025-01-01
159,Nissan,Japon,Hatchback,Gas,163,17076.0,Autoplaza Norte,Bogota,9412,18470.0,105.0,2024-01-01
160,Toyota,Japon,Hatchback,Gas,66,7928.0,Drivehub Caribe,Barranquilla,5249,8569.0,211.0,2026-01-01
161,Volvo,Suecia,Sedan,Gas,117,23023.0,Autoplaza Norte,Bogota,13196,25877.0,121.0,2026-01-01
162,Saab,Suecia,Sedan,Gas,171,17047.0,Drivehub Caribe,Barranquilla,11404,21037.0,126.0,2025-01-01
163,Mitsubishi,Japon,Sedan,Gas,89,7148.0,Carworld Pacifico,Cali,4690,7973.0,184.0,2025-01-01
164,Mitsubishi,Japon,Hatchback,Gas,143,13732.0,Primeauto Andino,Pereira,10638,17104.0,136.0,2026-01-01
165,Mitsubishi,Japon,Sedan,Gas,115,9296.0,Primeauto Andino,Pereira,6077,10468.0,135.0,2024-01-01
166,Toyota,Japon,Hardtop,Gas,118,8414.0,Primeauto Andino,Pereira,5261,9686.0,139.0,2026-01-01
167,Mercedes-Benz,Alemania,Sedan,Diesel,116,26598.0,Autoplaza Norte,Bogota,18496,28338.0,73.0,2026-01-01
168,Honda,Japon,Hatchback,Gas,76,7084.0,Carworld Pacifico,Cali,4278,7887.0,203.0,2026-01-01
169,Mercedes-Benz,Alemania,Sedan,Diesel,121,30832.0,Carworld Pacifico,Cali,22813,33715.0,76.0,2025-01-01
170,Audi,Alemania,Sedan,Gas,122,17141.0,Velocity Motors,Bucaramanga,11583,20517.0,75.0,2026-01-01
171,Dodge,Estados Unidos,Hatchback,Gas,68,6661.0,Autoplaza Norte,Bogota,3563,7410.0,190.0,2026-01-01
172,Chevrolet,Estados Unidos,Hatchback,Gas,74,6413.0,Motor Center Sur,Medellin,4397,7651.0,202.0,2024-01-01
173,Toyota,Japon,Hatchback,Diesel,54,7683.0,Velocity Motors,Bucaramanga,4618,9158.0,165.0,2025-01-01
174,Subaru,Japon,Wagon,Gas,113,11597.0,Autoplaza Norte,Bogota,7780,13796.0,170.0,2026-01-01
175,Subaru,Japon,Sedan,Gas,83,8727.0,MotorCenter Sur,Medellin,5102,9918.0,182.0,2025-01-01
176,Nissan,Japon,Hatchback,Gas,67,7905.0,MotorCenter Sur,Medellin,5014,8921.0,169.0,2026-01-01
177,Subaru,Japon,Wagon,Gas,83,7519.0,Drivehub Caribe,Barranquilla,4303,10255.0,186.0,2025-01-01
178,Honda,Japon,Hatchback,Gas,79,6701.0,Carworld Pacifico,Cali,3992,6996.0,153.0,2025-01-01
179,Volkswagen,Alemania,Sedan,Gas,84,8232.0,Autoplaza Norte,Bogota,5314,9069.0,166.0,2026-01-01
180,Nissan,Japon,Sedan,Gas,143,14627.0,Velocity Motors,Bucaramanga,9164,14479.0,134.0,2025-01-01
181,Volkswagen,Alemania,Sedan,Diesel,68,13312.0,Drivehub Caribe,Barranquilla,9203,15024.0,111.0,2024-01-01
182,Honda,Japon,Hatchback,Gas,74,6830.0,Drivehub Caribe,Barranquilla,4667,7367.0,198.0,2026-01-01
183,Nissan,Japon,Wagon,Gas,150,15305.0,Velocity Motors,Bucaramanga,9089,17233.0,147.0,2023-01-01
184,Subaru,Japon,Sedan,Gas,94,10375.0,Autoplaza Norte,Bogota,5778,11429.0,197.0,2026-01-01
185,Nissan,Japon,Wagon,Gas,143,14048.0,Velocity Motors,Bucaramanga,9607,16101.0,167.0,2023-01-01
186,Nissan,Japon,Sedan,Gas,65,6903.0,Velocity Motors,Bucaramanga,8426,7755.0,179.0,2025-01-01
187,Honda,Japon,Hatchback,Gas,77,7129.0,Carworld Pacifico,Cali,4195,7237.0,213.0,2026-01-01
188,Mitsubishi,Japon,Hatchback,Gas,100,7765.0,MotorCenter Sur,Medellin,4496,7674.0,215.0,2026-01-01
189,Mazda,Japon,Hatchback,Gas,62,5118.0,Carworld Pacifico,Cali,3077,6239.0,176.0,2026-01-01
190,Mazda,Japon,Sedan,Diesel,66,10761.0,Carworld Pacifico,Cali,7974,12747.0,122.0,2025-01-01
191,Subaru,Japon,Sedan,Gas,83,6727.0,Primeauto Andino,Pereira,4124,8621.0,181.0,2023-01-01
192,Renault,Francia,Wagon,Gas,101,9339.0,Primeauto Andino,Pereira,5569,10523.0,167.0,2026-01-01
193,Porsche,Alemania,Hatchback,Gas,99,22365.0,Primeauto Andino,Pereira,13251,24088.0,121.0,2026-01-01
194,Mercury,Estados Unidos,Hatchback,Gas,180,16372.0,MotorCenter Sur,Medellin,10000,18759.0,164.0,2024-01-01
195,Volvo,Suecia,Sedan,Gas,115,15081.0,Primeauto Andino,Pereira,10737,19313.0,166.0,2025-01-01
196,Chevrolet,Estados Unidos,Hatchback,Gas,52,5329.0,Primeauto Andino,Pereira,3589,5913.0,198.0,2026-01-01
197,Mercedes-Benz,Alemania,Sedan,Gas,157,34620.0,MotorCenter Sur,Medellin,21726,36940.0,83.0,2025-01-01
198,Dodge,Estados Unidos,Hatchback,Gas,69,6071.0,MotorCenter Sur,Medellin,3763,6501.0,199.0,2026-01-01
199,Mercedes-Benz,Alemania,Sedan,Gas,154,33848.0,MotorCenter Sur,Medellin,21685,36268.0,71.0,2025-01-01
200,Volvo,Suecia,Wagon,Gas,117,15648.0,Velocity Motors,Bucaramanga,10022,18772.0,180.0,2026-01-01
201,Mitsubishi,Japon,Hatchback,Gas,69,5196.0,Carworld Pacifico,Cali,3460,6328.0,193.0,2023-01-01
202,Volkswagen,Alemania,Sedan,Gas,89,8335.0,Drivehub Caribe,Barranquilla,5257,9922.0,132.0,2026-01-01
203,Nissan,Japon,Wagon,Gas,149,15018.0,Velocity Motors,Bucaramanga,9336,16778.0,148.0,2023-01-01
204,Subaru,Japon,Sedan,Gas,81,9026.0,MotorCenter Sur,Medellin,4938,9439.0,173.0,2025-01-01
205,Nissan,Japon,Sedan,Gas,68,7463.0,Velocity Motors,Bucaramanga,5363,8806.0,158.0,2025-01-01
206,Mazda,Japon,Hatchback,Gas,106,11622.0,Autoplaza Norte,Bogota,8261,12126.0,144.0,2024-01-01
207,Toyota,Japon,Hatchback,Gas,74,7260.0,Velocity Motors,Bucaramanga,4283,8038.0,170.0,2026-01-01
208,Volvo,Suecia,Sedan,Gas,159,18329.0,Autoplaza Norte,Bogota,8930,23874.0,105.0,2026-01-01
209,Mazda,Japon,Hatchback,Gas,99,11279.0,MotorCenter Sur,Medellin,7653,13293.0,151.0,2024-01-01
210,Toyota,Japon,Sedan,Gas,71,7593.0,Drivehub Caribe,Barranquilla,4859,8792.0,198.0,2025-01-01
211,Mazda,Japon,Hatchback,Gas,100,10343.0,MotorCenter Sur,Medellin,7905,12655.0,162.0,2024-01-01
212,Subaru,Japon,Wagon,Gas,85,7625.0,Drivehub Caribe,Barranquilla,4441,8959.0,189.0,2025-01-01
213,Toyota,Japon,Sedan,Gas,64,9086.0,Primeauto Andino,Pereira,6540,9623.0,129.0,2026-01-01
214,Nissan,Japon,Wagon,Gas,67,7028.0,MotorCenter Sur,Medellin,4990,8876.0,215.0,2026-01-01
215,Toyota,Japon,Hatchback,Gas,60,6581.0,Carworld Pacifico,Cali,4127,7490.0,197.0,2026-01-01
216,Mazda,Japon,Hatchback,Gas,93,13423.0,MotorCenter Sur,Medellin,9184,14476.0,188.0,2024-01-01
217,Bmw,Alemania,Sedan,Gas,176,44749.0,Carworld Pacifico,Cali,8589,46923.0,34.0,2024-01-01
218,Chevrolet,Estados Unidos,Sedan,Gas,68,6175.0,Carworld Pacifico,Cali,3774,7251.0,218.0,2024-01-01
219,Nissan,Japon,Sedan,Gas,69,6898.0,Velocity Motors,Bucaramanga,8287,7419.0,162.0,2025-01-01
220,Volkswagen,Alemania,Sedan,Gas,88,7871.0,Autoplaza Norte,Bogota,5389,9052.0,191.0,2026-01-01
221,Dodge,Estados Unidos,Sedan,Gas,67,7478.0,Velocity Motors,Bucaramanga,4605,8647.0,178.0,2026-01-01
222,Nissan,Japon,Sedan,Gas,67,7335.0,Velocity Motors,Bucaramanga,5493,8498.0,144.0,2025-01-01
223,Subaru,Japon,Sedan,Gas,111,10343.0,MotorCenter Sur,Medellin,7380,11772.0,164.0,2026-01-01
224,Honda,Japon,Sedan,Gas,105,13052.0,Autoplaza Norte,Bogota,8522,14356.0,190.0,2026-01-01
225,Subaru,Japon,Wagon,Gas,107,12473.0,Autoplaza Norte,Bogota,7738,13391.0,176.0,2026-01-01
226,Mazda,Japon,Hatchback,Gas,81,11067.0,Velocity Motors,Bucaramanga,7193,12133.0,164.0,2026-01-01
227,Toyota,Japon,Hatchback,Gas,114,9625.0,Velocity Motors,Cali,7689,10271.0,177.0,2026-01-01
228,Plymouth,Estados Unidos,Hatchback,Gas,101,8242.0,Autoplaza Norte,Bogota,5203,8829.0,174.0,2026-01-01
229,Peugot,Francia,Sedan,Diesel,97,16803.0,Drivehub Caribe,Cali,11119,18452.0,142.0,2026-01-01
230,Honda,Japon,Wagon,Gas,76,7147.0,Primeauto Andino,Cali,5184,8160.0,165.0,2026-01-01
231,Nissan,Japon,Sedan,Gas,71,6902.0,Autoplaza Norte,Bogota,4764,9021.0,193.0,2026-01-01
232,Toyota,Japon,Sedan,Gas,89,11142.0,Primeauto Andino,Cali,6921,12878.0,183.0,2025-01-01
233,Audi,Alemania,Sedan,Gas,102,13895.0,Velocity Motors,Bucaramanga,8027,15415.0,137.0,2026-01-01
234,Toyota,Japon,Sedan,Gas,69,6692.0,Drivehub Caribe,Barranquilla,4985,7194.0,198.0,2024-01-01
235,Nissan,Japon,Wagon,Gas,146,14463.0,Velocity Motors,Bucaramanga,9590,16532.0,176.0,2023-01-01
236,Subaru,Japon,Wagon,Gas,78,7849.0,Drivehub Caribe,Barranquilla,4469,9870.0,198.0,2025-01-01
237,Saab,Suecia,Sedan,Gas,164,18276.0,Drivehub Caribe,Barranquilla,11871,21433.0,115.0,2025-01-01
238,Nissan,Japon,Sedan,Gas,68,5616.0,Autoplaza Norte,Bogota,3859,6700.0,185.0,2026-01-01
239,Mazda,Japon,Sedan,Gas,116,17424.0,Drivehub Caribe,Barranquilla,12794,20429.0,162.0,2026-01-01
240,Renault,Francia,Wagon,Gas,103,9636.0,Primeauto Andino,Pereira,5696,10335.0,125.0,2026-01-01
241,Dodge,Estados Unidos,Hatchback,Gas,151,12330.0,Autoplaza Norte,Bogota,7861,15242.0,139.0,2026-01-01
242,Plymouth,Estados Unidos,Hatchback,Gas,63,6085.0,Carworld Pacifco,Cali,3654,6999.0,172.0,2026-01-01
243,Chevrolet,Estados Unidos,Sedan,Gas,66,7018.0,Carworld Pacifico,Cali,3746,7771.0,207.0,2024-01-01
244,Saab,Suecia,Hatchback,Gas,106,15633.0,Drivehub Caribe,Barranquilla,10191,16717.0,157.0,2025-01-01
245,Renault,Francia,Wagon,Gas,109,9327.0,Primeauto Andino,Pereira,5588,10819.0,174.0,2026-01-01
246,Bmw,Alemania,Sedan,Gas,184,35666.0,Primeauto Andino,Pereira,8275,44297.0,35.0,2026-01-01
247,Toyota,Japon,Sedan,Gas,72,6809.0,Drivehub Caribe,Barranquilla,4980,7560.0,190.0,2024-01-01
248,Mitsubishi,Japon,Sedan,Gas,84,8210.0,Primeauto Andino,Pereira,9096,8824.0,162.0,2026-01-01
249,Toyota,Japon,Sedan,Gas,67,9270.0,Primeauto Andino,Pereira,6332,10177.0,133.0,2026-01-01
250,Audi,Alemania,Sedan,Gas,142,23799.0,Drivehub Caribe,Barranquilla,13815,27517.0,89.0,2026-01-01
251,Honda,Japon,Hatchback,Gas,86,7886.0,Primeauto Andino,Pereira,4670,9289.0,179.0,2026-01-01
252,Nissan,Japon,Wagon,Gas,155,14291.0,Velocity Motors,Bucaramanga,10145,18742.0,184.0,2023-01-01
253,Honda,Japon,Hatchback,Gas,103,8636.0,Drivehub Caribe,Barranquilla,5093,9944.0,116.0,2024-01-01
254,Mercedes-Benz,Alemania,Hardtop,Diesel,124,27667.0,MotorCenter Sur,Medellin,19250,30920.0,88.0,2025-01-01
255,Saab,Suecia,Hatchback,Gas,161,18731.0,Primeauto Andino,Pereira,10903,21381.0,161.0,2025-01-01
256,Honda,Japon,Hatchback,Gas,60,6169.0,Drivehub Caribe,Barranquilla,8263,6884.0,193.0,2026-01-01
257,Subaru,Japon,Hatchback,Gas,75,7553.0,MotorCenter Sur,Medellin,8475,9527.0,196.0,2026-01-01
258,Dodge,Estados Unidos,Hatchback,Gas,64,5412.0,Velocity Motors,Bucaramanga,3776,6366.0,202.0,2024-01-01
259,Honda,Japon,Wagon,Gas,70,7323.0,Primeauto Andino,Cali,5446,7895.0,159.0,2026-01-01
260,Plymouth,Estados Unidos,Sedan,Gas,70,6601.0,Autoplaza Norte,Bogota,4083,7020.0,205.0,2026-01-01
261,Toyota,Japon,Sedan,Gas,73,8475.0,Carworld Pacifico,Cali,4980,8660.0,197.0,2025-01-01
262,Honda,Japon,Sedan,Gas,73,7424.0,Primeauto Andino,Pereira,4903,7838.0,183.0,2026-01-01
263,Mazda,Japon,Sedan,Diesel,60,10299.0,Carworld Pacifico,Cali,7302,12810.0,152.0,2025-01-01
264,Volkswagen,Alemania,Convertible,Gas,90,11867.0,Carworld Pacifico,Cali,8850,14455.0,143.0,2026-01-01
265,Volvo,Suecia,Sedan,Gas,138,20902.0,Drivehub Caribe,Barranquilla,13689,23472.0,131.0,2023-01-01
266,Plymouth,Estados Unidos,Hatchback,Gas,108,7796.0,Autoplaza Norte,Bogota,5338,8355.0,197.0,2026-01-01
267,Nissan,Japon,Sedan,Gas,70,6924.0,Velocity Motors,Bucaramanga,8405,7996.0,146.0,2025-01-01
268,Mercedes-Benz,Alemania,Convertible,Gas,153,34453.0,Primeauto Andino,Pereira,25721,40784.0,40.0,2025-01-01
269,Porsche,Alemania,Hardtop,Gas,201,33544.0,Velocity Motors,Bucaramanga,22841,39504.0,52.0,2026-01-01
270,Plymouth,Estados Unidos,Sedan,Gas,68,6511.0,Autoplaza Norte,Bogota,4267,7360.0,218.0,2026-01-01
271,Mazda,Japon,Sedan,Gas,83,10023.0,Carworld Pacifco,Cali,7268,11541.0,156.0,2025-01-01
272,Audi,Alemania,Sedan,Gas,111,17049.0,Velocity Motors,Bucaramanga,11346,19417.0,84.0,2026-01-01
273,Honda,Japon,Hatchback,Gas,81,6719.0,Drivehub Caribe,Barranquilla,4743,7677.0,167.0,2026-01-01
274,Volvo,Suecia,Sedan,Gas,121,16600.0,Primeauto Andino,Pereira,11001,17921.0,171.0,2025-01-01
275,Mitsubishi,Japon,Sedan,Gas,121,9483.0,Primeauto Andino,Pereira,5854,10847.0,138.0,2024-01-01
276,Nissan,Japon,Hatchback,Gas,94,9485.0,Carworld Pacifico,Cali,6614,9899.0,152.0,2026-01-01
277,Nissan,Japon,Sedan,Gas,71,8094.0,Autoplaza Norte,Bogota,4703,8423.0,216.0,2026-01-01
278,Toyota,Japon,Hatchback,Gas,72,8056.0,Drivehub Caribe,Barranquilla,5278,9189.0,173.0,2026-01-01
279,Bmw,Alemania,Sedan,Gas,123,24626.0,Velocity Motors,Bucaramanga,17134,26044.0,103.0,2026-01-01
280,Bmw,Alemania,Sedan,Gas,190,35362.0,Primeauto Andino,Pereira,8338,43263.0,37.0,2026-01-01
281,Mazda,Japon,Hatchback,Gas,138,15219.0,Velocity Motors,Cali,10724,18263.0,216.0,2026-01-01
282,Nissan,Japon,Sedan,Gas,100,9338.0,Velocity Motors,Bucaramanga,5586,10455.0,158.0,2026-01-01
283,Subaru,Japon,Hatchback,Gas,71,5118.0,Autoplaza Norte,Bogota,3173,5738.0,211.0,2024-01-01
284,Nissan,Japon,Sedan,Gas,154,13002.0,Autoplaza Norte,Bogota,8606,14943.0,171.0,2026-01-01
285,Nissan,Japon,Sedan,Gas,65,6615.0,Velocity Motors,Bucaramanga,4333,8033.0,208.0,2024-01-01
286,Volkswagen,Alemania,Sedan,Diesel,68,13255.0,Drivehub Caribe,Barranquilla,8833,15294.0,105.0,2024-01-01
287,Honda,Japon,Hatchback,Gas,75,6721.0,Carworld Pacifico,Cali,4263,7338.0,175.0,2025-01-01
288,Peugot,Francia,Sedan,Gas,136,17567.0,MotorCenter Sur,Medellin,10985,20376.0,111.0,2024-01-01
289,Peugot,Francia,Sedan,Gas,101,17112.0,Autoplaza Norte,Bogota,9859,18208.0,190.0,2026-01-01
290,Nissan,Japon,Hardtop,Gas,73,8119.0,Carworld Pacifico,Cali,5832,9550.0,206.0,2025-01-01
291,Toyota,Japon,Hatchback,Gas,117,9562.0,Velocity Motors,Cali,8718,9588.0,143.0,2026-01-01
292,Mazda,Japon,Hatchback,Gas,105,11308.0,Autoplaza Norte,Bogota,8727,12850.0,156.0,2024-01-01
293,Volvo,Suecia,Wagon,Gas,119,14216.0,Autoplaza Norte,Bogota,7463,15774.0,189.0,2025-01-01
294,Mercedes-Benz,Alemania,Hardtop,Diesel,123,29280.0,MotorCenter Sur,Medellin,18979,32020.0,89.0,2025-01-01
295,Peugot,Francia,Sedan,Diesel,96,17076.0,Drivehub Caribe,Cali,12192,18022.0,144.0,2026-01-01
296,Peugot,Francia,Sedan,Gas,93,11339.0,Autoplaza Norte,Bogota,7350,13591.0,143.0,2026-01-01
297,Toyota,Japon,Sedan,Diesel,74,10777.0,Carworld Pacifico,Cali,5875,12093.0,147.0,2026-01-01
298,Nissan,Japon,Sedan,Gas,69,6388.0,Velocity Motors,Bucaramanga,4513,7698.0,201.0,2024-01-01
299,Mazda,Japon,Sedan,Gas,80,8930.0,Carworld Pacifico,Cali,4964,9000.0,169.0,2026-01-01
300,Audi,Alemania,Sedan,Gas,115,17944.0,Velocity Motors,Bucaramanga,12661,19796.0,79.0,2026-01-01
301,Mitsubishi,Japon,Hatchback,Gas,68,5407.0,Carworld Pacifico,Cali,3406,5804.0,210.0,2023-01-01
302,Toyota,Japon,Hardtop,Gas,123,10244.0,Primeauto Andino,Pereira,6582,11810.0,170.0,2026-01-01
303,Alfa-Romero,Italia,Convertible,Gas,107,15932.0,Velocity Motors,Bucaramanga,9636,20123.0,124.0,2026-01-01
304,Volkswagen,Alemania,Sedan,Diesel,52,8187.0,Autoplaza Norte,Bogota,5940,10188.0,169.0,2024-01-01
305,Peugot,Francia,Sedan,Diesel,96,17617.0,Drivehub Caribe,Cali,11200,17840.0,119.0,2026-01-01
306,Dodge,Estados Unidos,Hatchback,Gas,145,13467.0,Autoplaza Norte,Bogota,7524,14707.0,134.0,2026-01-01
307,Mazda,Japon,Sedan,Diesel,64,10193.0,Carworld Pacifico,Cali,7771,12552.0,153.0,2025-01-01
308,Peugot,Francia,Wagon,Diesel,91,17255.0,Autoplaza Norte,Bogota,12482,20357.0,171.0,2025-01-01
309,Mazda,Japon,Sedan,Diesel,72,18996.0,Primeauto Andino,Pereira,13003,20373.0,132.0,2025-01-01
310,Dodge,Estados Unidos,Hatchback,Gas,66,6007.0,Autoplaza Norte,Bogota,4014,7221.0,152.0,2026-01-01
311,Saab,Suecia,Sedan,Gas,153,18615.0,Drivehub Caribe,Barranquilla,11759,22248.0,89.0,2025-01-01
312,Subaru,Japon,Hatchback,Gas,74,7121.0,Velocity Motors,Bucaramanga,4612,7354.0,196.0,2025-01-01
313,Dodge,Estados Unidos,Hatchback,Gas,69,6163.0,MotorCenter Sur,Medellin,3940,6829.0,213.0,2026-01-01
314,Mazda,Japon,Hatchback,Gas,79,8272.0,MotorCenter Sur,Medellin,5399,9898.0,199.0,2025-01-01
315,Mazda,Japon,Hatchback,Gas,68,6718.0,Carworld Pacifico,Cali,5192,7521.0,177.0,2025-01-01
316,Saab,Suecia,Hatchback,Gas,166,17942.0,Primeauto Andino,Pereira,11276,20458.0,166.0,2025-01-01
317,Toyota,Japon,Hatchback,Gas,64,5320.0,Carworld Pacifico,Cali,3379,5705.0,194.0,2025-01-01
318,Toyota,Japon,Hatchback,Gas,64,5243.0,Carworld Pacifico,Cali,3478,6098.0,175.0,2025-01-01
319,Volkswagen,Alemania,Sedan,Diesel,68,13630.0,Drivehub Caribe,Barranquilla,9222,14789.0,110.0,2024-01-01
320,Toyota,Japon,Sedan,Diesel,54,7887.0,Carworld Pacifico,Cali,4365,8399.0,205.0,2024-01-01
321,Mercedes-Benz,Alemania,Sedan,Diesel,118,25948.0,Autoplaza Norte,Bogota,19474,27980.0,81.0,2026-01-01
322,Dodge,Estados Unidos,Hatchback,Gas,69,6309.0,Autoplaza Norte,Bogota,3933,7287.0,176.0,2026-01-01
323,Porsche,Alemania,Hardtop,Gas,210,32062.0,Velocity Motors,Bucaramanga,21492,38184.0,65.0,2026-01-01
324,Volkswagen,Alemania,Sedan,Gas,105,10027.0,Autoplaza Norte,Bogota,5687,12142.0,192.0,2026-01-01
325,Volvo,Suecia,Sedan,Gas,118,15712.0,MotorCenter Sur,Medellin,9610,17728.0,97.0,2026-01-01
326,Jaguar,Reino Unido,Sedan,Gas,261,36601.0,MotorCenter Sur,Medellin,26309,38891.0,67.0,2025-01-01
327,Mazda,Japon,Hatchback,Gas,65,5195.0,Carworld Pacifico,Cali,3077,6244.0,179.0,2026-01-01
328,Audi,Alemania,Wagon,Gas,109,18946.0,Drivehub Caribe,Barranquilla,14319,22482.0,129.0,2024-01-01
329,Dodge,Estados Unidos,Hatchback,Gas,146,13400.0,Autoplaza Norte,Bogota,7159,15089.0,149.0,2026-01-01
330,Peugot,Francia,Wagon,Diesel,94,15908.0,Autoplaza Norte,Bogota,12456,19341.0,149.0,2025-01-01
331,Peugot,Francia,Sedan,Diesel,93,15732.0,Drivehub Caribe,Cali,11021,18434.0,132.0,2026-01-01
332,Mitsubishi,Japon,Hatchback,Gas,69,6248.0,Primeauto Andino,Pereira,3901,6818.0,191.0,2026-01-01
333,Mazda,Japon,Sedan,Gas,118,18275.0,Drivehub Caribe,Barranquilla,13052,20056.0,159.0,2026-01-01
334,Toyota,Japon,Hardtop,Gas,113,11266.0,Primeauto Andino,Pereira,6471,12705.0,185.0,2026-01-01
335,Nissan,Japon,Hatchback,Gas,70,7673.0,MotorCenter Sur,Medellin,4874,8764.0,148.0,2026-01-01
336,Toyota,Japon,Hatchback,Gas,110,9760.0,Velocity Motors,Cali,8108,10039.0,209.0,2026-01-01
337,Volvo,Suecia,Wagon,Gas,115,17054.0,Velocity Motors,Bucaramanga,9869,19321.0,157.0,2026-01-01
338,Mazda,Japon,Sedan,Diesel,73,18655.0,Primeauto Andino,Pereira,13559,21863.0,132.0,2025-01-01
339,Honda,Japon,Sedan,Gas,97,12827.0,Autoplaza Norte,Bogota,8710,13950.0,160.0,2026-01-01
340,Volvo,Suecia,Wagon,Gas,112,12425.0,Autoplaza Norte,Bogota,7101,15997.0,173.0,2025-01-01
341,Renault,Francia,Hatchback,Gas,109,10161.0,Drivehub Caribe,Cali,6145,11578.0,129.0,2025-01-01
342,Mazda,Japon,Hatchback,Gas,81,11048.0,Carworld Pacifico,Cali,7484,11478.0,180.0,2026-01-01
343,Porsche,Alemania,Hardtop,Gas,192,34796.0,Drivehub Caribe,Barranquilla,20392,38917.0,64.0,2023-01-01
344,Nissan,Japon,Hatchback,Gas,150,17833.0,Autoplaza Norte,Bogota,11853,20682.0,133.0,2025-01-01
345,Volkswagen,Alemania,Sedan,Gas,85,8695.0,Drivehub Caribe,Barranquilla,5059,9787.0,132.0,2026-01-01
346,Mazda,Japon,Sedan,Gas,68,7618.0,MotorCenter Sur,Medellin,4740,8655.0,187.0,2026-01-01
347,Volvo,Suecia,Sedan,Diesel,106,23696.0,Primeauto Andino,Pereira,17889,24603.0,115.0,2024-01-01
348,Volkswagen,Alemania,Sedan,Diesel,71,13420.0,Drivehub Caribe,Barranquilla,8884,14937.0,126.0,2024-01-01
349,Honda,Japon,Hatchback,Gas,78,7832.0,Primeauto Andino,Pereira,5320,8709.0,155.0,2026-01-01
350,Honda,Japon,Hatchback,Gas,77,7315.0,Carworld Pacifico,Cali,4099,7272.0,179.0,2026-01-01
351,Peugot,Francia,Wagon,Diesel,100,13888.0,Drivehub Caribe,Barranquilla,10617,17673.0,125.0,2026-01-01
352,Bmw,Alemania,Sedan,Gas,97,15787.0,Velocity Motors,Bucaramanga,12662,17783.0,163.0,2023-01-01
353,Mazda,Japon,Sedan,Diesel,63,10952.0,Carworld Pacifico,Cali,7515,12193.0,143.0,2025-01-01
354,Nissan,Japon,Sedan,Diesel,54,7243.0,Primeauto Andino,Pereira,8693,7889.0,131.0,2025-01-01
355,Volvo,Suecia,Sedan,Gas,157,18477.0,Autoplaza Norte,Bogota,8513,22080.0,101.0,2026-01-01
356,Volvo,Suecia,Sedan,Diesel,105,22643.0,Primeauto Andino,Pereira,17085,24900.0,98.0,2024-01-01
357,Honda,Japon,Hatchback,Gas,80,6793.0,Drivehub Caribe,Barranquilla,4762,7443.0,174.0,2026-01-01
358,Volkswagen,Alemania,Sedan,Gas,90,8388.0,Autoplaza Norte,Bogota,4667,8848.0,218.0,2026-01-01
359,Chevrolet,Estados Unidos,Hatchback,Gas,69,6097.0,Motor Center Sur,Medellin,4219,7385.0,201.0,2024-01-01
360,Toyota,Japon,Wagon,Gas,66,7736.0,Velocity Motors,Bucaramanga,5860,7956.0,178.0,2023-01-01
361,Toyota,Japon,Sedan,Gas,104,8951.0,Carworld Pacifco,Cali,6438,10625.0,163.0,2025-01-01
362,Volkswagen,Alemania,Sedan,Gas,90,8220.0,Autoplaza Norte,Bogota,4570,9041.0,179.0,2026-01-01
363,Jaguar,Reino Unido,Sedan,Gas,175,30560.0,Velocity Motors,Bucaramanga,19575,40881.0,65.0,2024-01-01
364,Volkswagen,Alemania,Sedan,Gas,85,7609.0,Autoplaza Norte,Bogota,4375,8975.0,203.0,2026-01-01
365,Dodge,Estados Unidos,Hatchback,Gas,69,5785.0,MotorCenter Sur,Medellin,3865,6117.0,218.0,2026-01-01
366,Peugot,Francia,Sedan,Gas,108,11914.0,Autoplaza Norte,Bogota,7067,13990.0,164.0,2026-01-01
367,Nissan,Japon,Wagon,Gas,71,7686.0,Carworld Pacifico,Cali,5313,10344.0,207.0,2026-01-01
368,Mazda,Japon,Sedan,Diesel,70,18097.0,Primeauto Andino,Pereira,13575,21360.0,119.0,2025-01-01
369,Audi,Alemania,Sedan,Gas,119,17854.0,Velocity Motors,Bucaramanga,12439,18984.0,81.0,2026-01-01
370,Toyota,Japon,Hatchback,Diesel,55,7613.0,Velocity Motors,Bucaramanga,4730,9118.0,167.0,2025-01-01
371,Mercedes-Benz,Alemania,Sedan,Diesel,121,31856.0,Carworld Pacifico,Cali,22104,32780.0,76.0,2025-01-01
372,Saab,Suecia,Hatchback,Gas,165,17960.0,Primeauto Andino,Pereira,11589,20691.0,187.0,2025-01-01
373,Mitsubishi,Japon,Sedan,Gas,88,7153.0,Carworld Pacifico,Cali,4893,8059.0,158.0,2025-01-01
374,Mitsubishi,Japon,Hatchback,Gas,69,6780.0,Velocity Motors,Bucaramanga,4850,7520.0,168.0,2026-01-01
375,Volkswagen,Alemania,Sedan,Diesel,52,7587.0,Primeauto Andino,Cali,5642,8477.0,192.0,2024-01-01
376,Chevrolet,Estados Unidos,Hatchback,Gas,71,6258.0,Motor Center Sur,Medellin,4199,7130.0,172.0,2024-01-01
377,Toyota,Japon,Hatchback,Gas,63,6725.0,Carworld Pacifico,Cali,4012,7706.0,181.0,2026-01-01
378,Toyota,Japon,Wagon,Gas,58,8007.0,Velocity Motors,Bucaramanga,5825,8242.0,168.0,2023-01-01
379,Mitsubishi,Japon,Hatchback,Gas,104,7313.0,MotorCenter Sur,Medellin,4359,8283.0,184.0,2026-01-01
380,Mazda,Japon,Hatchback,Gas,98,11196.0,MotorCenter Sur,Medellin,7779,12153.0,138.0,2024-01-01
381,Alfa-Romero,Italia,Convertible,Gas,98,15874.0,Velocity Motors,Bucaramanga,9495,19694.0,127.0,2026-01-01
382,Volkswagen,Alemania,Sedan,Diesel,68,14529.0,Drivehub Caribe,Barranquilla,9175,14201.0,120.0,2024-01-01
383,Volvo,Suecia,Sedan,Gas,114,13404.0,Drivehub Caribe,Barranquilla,9970,14523.0,184.0,2026-01-01
384,Mazda,Japon,Hatchback,Gas,66,6157.0,Autoplaza Norte,Bogota,3430,6487.0,153.0,2025-01-01
385,Audi,Alemania,Sedan,Gas,113,17807.0,Drivehub Caribe,Barranquilla,9813,18007.0,130.0,2026-01-01
386,Dodge,Estados Unidos,Sedan,Gas,65,6643.0,Primeauto Andino,Pereira,5086,7956.0,164.0,2026-01-01
387,Bmw,Alemania,Sedan,Gas,119,25148.0,Velocity Motors,Bucaramanga,17517,29399.0,105.0,2026-01-01
388,Toyota,Japon,Hatchback,Gas,114,11399.0,Carworld Pacifico,Cali,6674,12493.0,176.0,2026-01-01
389,Volkswagen,Alemania,Sedan,Gas,85,8041.0,Autoplaza Norte,Bogota,4569,9124.0,206.0,2026-01-01
390,Honda,Japon,Hatchback,Gas,77,7064.0,Drivehub Caribe,Barranquilla,4419,7484.0,171.0,2026-01-01
391,Toyota,Japon,Wagon,Gas,60,7743.0,Velocity Motors,Bucaramanga,5755,8061.0,178.0,2023-01-01
392,Honda,Japon,Hatchback,Gas,88,7725.0,Primeauto Andino,Pereira,4709,8910.0,163.0,2026-01-01
393,Mitsubishi,Japon,Hatchback,Gas,68,5164.0,Carworld Pacifico,Cali,3256,5943.0,173.0,2023-01-01
394,Plymouth,Estados Unidos,Wagon,Gas,82,8589.0,MotorCenter Sur,Medellin,6593,9895.0,154.0,2026-01-01
395,Subaru,Japon,Wagon,Gas,76,7500.0,Drivehub Caribe,Barranquilla,4102,9746.0,178.0,2025-01-01
396,Toyota,Japon,Hatchback,Gas,161,16407.0,MotorCenter Sur,Medellin,8955,17410.0,161.0,2026-01-01
397,Bmw,Alemania,Sedan,Gas,100,17470.0,Velocity Motors,Bucaramanga,12016,18094.0,186.0,2023-01-01
398,Honda,Japon,Sedan,Gas,86,10809.0,Carworld Pacifico,Cali,6292,10819.0,156.0,2024-01-01
399,Mazda,Japon,Hatchback,Gas,84,8342.0,MotorCenter Sur,Medellin,5271,10546.0,166.0,2025-01-01
400,Mazda,Japon,Sedan,Gas,121,18744.0,Drivehub Caribe,Barranquilla,13442,19884.0,153.0,2026-01-01
401,Volvo,Suecia,Sedan,Gas,118,23751.0,Autoplaza Norte,Bogota,13651,25656.0,130.0,2026-01-01
402,Toyota,Japon,Sedan,Gas,67,7614.0,Drivehub Caribe,Barranquilla,5221,8673.0,173.0,2025-01-01
403,Mercedes-Benz,Alemania,Sedan,Diesel,118,25643.0,Autoplaza Norte,Bogota,19587,29976.0,76.0,2026-01-01
404,Volvo,Suecia,Wagon,Gas,156,17618.0,Drivehub Caribe,Barranquilla,11717,20991.0,119.0,2026-01-01
405,Nissan,Japon,Sedan,Gas,154,13625.0,Velocity Motors,Bucaramanga,9600,14499.0,150.0,2025-01-01
406,Nissan,Japon,Sedan,Gas,159,12997.0,Velocity Motors,Bucaramanga,9669,13974.0,157.0,2025-01-01
407,Nissan,Japon,Sedan,Diesel,54,7149.0,Primeauto Andino,Pereira,8588,7404.0,170.0,2025-01-01
408,Dodge,Estados Unidos,Hatchback,Gas,132,12256.0,Autoplaza Norte,Bogota,7416,14743.0,148.0,2026-01-01
409,Volkswagen,Alemania,Sedan,Gas,103,13548.0,Autoplaza Norte,Bogota,8585,13676.0,174.0,2024-01-01
410,Alfa-Romero,Italia,Hatchback,Gas,150,17092.0,Drivehub Caribe,Barranquilla,9629,18500.0,146.0,2026-01-01
411,Honda,Japon,Wagon,Gas,75,7095.0,Primeauto Andino,Cali,5270,7631.0,141.0,2026-01-01
412,Jaguar,Reino Unido,Sedan,Gas,258,34567.0,MotorCenter Sur,Medellin,24728,36777.0,53.0,2025-01-01
413,Mazda,Japon,Hatchback,Gas,84,8178.0,MotorCenter Sur,Medellin,5078,10052.0,170.0,2025-01-01
414,Dodge,Estados Unidos,Sedan,Gas,101,8478.0,Carworld Pacifico,Cali,5963,10004.0,188.0,2025-01-01
415,Audi,Alemania,Sedan,Gas,106,13666.0,Velocity Motors,Bucaramanga,8007,14512.0,146.0,2026-01-01
416,Subaru,Japon,Hatchback,Gas,71,7190.0,MotorCenter Sur,Medellin,8838,8605.0,192.0,2026-01-01
417,Volvo,Suecia,Sedan,Gas,157,18712.0,Autoplaza Norte,Bogota,8569,23234.0,118.0,2026-01-01
418,Dodge,Estados Unidos,Sedan,Gas,69,6587.0,Primeauto Andino,Pereira,4846,7666.0,181.0,2026-01-01
419,Mazda,Japon,Sedan,Gas,79,9859.0,Carworld Pacifco,Cali,7579,11935.0,148.0,2025-01-01
420,Nissan,Japon,Hatchback,Gas,162,16865.0,Autoplaza Norte,Bogota,9421,19819.0,92.0,2024-01-01
421,Volkswagen,Alemania,Hatchback,Gas,90,10354.0,Velocity Motors,Bucaramanga,8125,10819.0,218.0,2025-01-01
422,Subaru,Japon,Sedan,Gas,94,10170.0,Autoplaza Norte,Bogota,6075,10884.0,164.0,2026-01-01
423,Toyota,Japon,Sedan,Diesel,59,7862.0,Carworld Pacifico,Cali,4322,8425.0,208.0,2024-01-01
424,Plymouth,Estados Unidos,Hatchback,Gas,100,8129.0,Autoplaza Norte,Bogota,5075,8370.0,217.0,2026-01-01
425,Mitsubishi,Japon,Sedan,Gas,94,7856.0,Primeauto Andino,Pereira,8558,9486.0,174.0,2026-01-01
426,Honda,Japon,Sedan,Gas,100,12960.0,Autoplaza Norte,Bogota,8798,13311.0,191.0,2026-01-01
427,Toyota,Japon,Hatchback,Gas,88,11306.0,Primeauto Andino,Pereira,7866,11512.0,174.0,2026-01-01
428,Toyota,Japon,Sedan,Gas,112,9145.0,MotorCenter Sur,Medellin,5714,10016.0,178.0,2026-01-01
429,Audi,Alemania,Sedan,Gas,106,15482.0,MotorCenter Sur,Medellin,10761,16582.0,137.0,2025-01-01
430,Subaru,Japon,Wagon,Gas,92,9919.0,Velocity Motors,Bucaramanga,7291,11686.0,164.0,2026-01-01
431,Bmw,Alemania,Sedan,Gas,185,37538.0,Primeauto Andino,Pereira,9110,47672.0,37.0,2026-01-01
432,Toyota,Japon,Hatchback,Gas,63,6613.0,Carworld Pacifico,Cali,3994,7575.0,196.0,2026-01-01
433,Toyota,Japon,Hardtop,Gas,113,10056.0,Primeauto Andino,Pereira,5963,11650.0,166.0,2026-01-01
434,Dodge,Estados Unidos,Sedan,Gas,106,8915.0,Carworld Pacifico,Cali,6180,9023.0,218.0,2025-01-01
435,Nissan,Japon,Sedan,Diesel,57,6342.0,Primeauto Andino,Pereira,9127,7449.0,152.0,2025-01-01
436,Dodge,Estados Unidos,Sedan,Gas,71,6548.0,Primeauto Andino,Pereira,5273,7754.0,153.0,2026-01-01
437,Peugot,Francia,Sedan,Gas,145,18801.0,MotorCenter Sur,Medellin,11360,19285.0,125.0,2024-01-01
438,Volkswagen,Alemania,Hatchback,Gas,94,9869.0,Velocity Motors,Bucaramanga,8240,10656.0,218.0,2025-01-01
439,Bmw,Alemania,Sedan,Gas,170,34987.0,Primeauto Andino,Pereira,8818,44554.0,39.0,2026-01-01
440,Mitsubishi,Japon,Hatchback,Gas,143,12146.0,MotorCenter Sur,Medellin,7211,14471.0,126.0,2026-01-01
441,Volvo,Suecia,Wagon,Gas,157,19631.0,Drivehub Caribe,Barranquilla,11810,21322.0,123.0,2026-01-01
442,Mazda,Japon,Sedan,Diesel,64,10069.0,Carworld Pacifico,Cali,7439,12050.0,155.0,2025-01-01
443,Dodge,Estados Unidos,Sedan,Gas,100,8896.0,Carworld Pacifico,Cali,5966,10017.0,181.0,2025-01-01
444,Nissan,Japon,Sedan,Gas,151,13473.0,Autoplaza Norte,Bogota,8564,14984.0,138.0,2026-01-01
445,Nissan,Japon,Hatchback,Gas,213,18877.0,Autoplaza Norte,Bogota,15217,22038.0,146.0,2023-01-01
446,Saab,Suecia,Sedan,Gas,159,18240.0,Drivehub Caribe,Barranquilla,12135,21688.0,129.0,2025-01-01
447,Mazda,Japon,Sedan,Diesel,73,17691.0,Primeauto Andino,Pereira,13339,19699.0,129.0,2025-01-01
448,Volvo,Suecia,Sedan,Gas,113,16470.0,Primeauto Andino,Pereira,10100,17158.0,168.0,2025-01-01
449,Peugot,Francia,Sedan,Gas,97,12205.0,Autoplaza Norte,Bogota,7131,13665.0,166.0,2026-01-01
450,Mazda,Japon,Sedan,Gas,84,7984.0,Carworld Pacifico,Cali,5012,9280.0,178.0,2026-01-01
451,Volvo,Suecia,Wagon,Gas,116,16282.0,Velocity Motors,Bucaramanga,9899,19705.0,147.0,2026-01-01
452,Volkswagen,Alemania,Convertible,Gas,94,11245.0,Carworld Pacifico,Cali,8897,13327.0,165.0,2026-01-01
453,Nissan,Japon,Sedan,Gas,161,14110.0,Velocity Motors,Bucaramanga,9850,15028.0,161.0,2025-01-01
454,Audi,Alemania,Sedan,Gas,116,16625.0,Velocity Motors,Bucaramanga,11710,19810.0,78.0,2026-01-01
455,Plymouth,Estados Unidos,Sedan,Gas,69,8036.0,Carworld Pacifico,Cali,7726,8705.0,172.0,2026-01-01
456,Peugot,Francia,Wagon,Diesel,91,17055.0,Autoplaza Norte,Bogota,11951,19967.0,151.0,2025-01-01
457,Honda,Japon,Hatchback,Gas,58,6216.0,Drivehub Caribe,Barranquilla,8970,7119.0,178.0,2026-01-01
458,Renault,Francia,Hatchback,Gas,107,9660.0,Drivehub Caribe,Cali,5996,11125.0,144.0,2025-01-01
459,Toyota,Japon,Convertible,Gas,120,17173.0,Carworld Pacifico,Cali,12799,19726.0,115.0,2026-01-01
460,Dodge,Estados Unidos,Hatchback,Gas,69,6093.0,Autoplaza Norte,Bogota,4035,7374.0,181.0,2026-01-01
461,Subaru,Japon,Wagon,Gas,114,11733.0,Autoplaza Norte,Bogota,8131,13357.0,161.0,2026-01-01
462,Dodge,Estados Unidos,Hatchback,Gas,147,12407.0,Autoplaza Norte,Bogota,7527,14443.0,147.0,2026-01-01
463,Toyota,Japon,Wagon,Gas,65,7295.0,Velocity Motors,Bucaramanga,5834,8567.0,164.0,2023-01-01
464,Mitsubishi,Japon,Sedan,Gas,117,9156.0,Primeauto Andino,Pereira,6082,11517.0,143.0,2024-01-01
465,Alfa-Romero,Italia,Convertible,Gas,102,15459.0,Velocity Motors,Bucaramanga,9363,19180.0,139.0,2026-01-01
466,Volvo,Suecia,Sedan,Gas,164,17935.0,Autoplaza Norte,Bogota,9024,22865.0,119.0,2026-01-01
467,Honda,Japon,Hatchback,Gas,68,6902.0,Carworld Pacifico,Cali,4298,7008.0,206.0,2026-01-01
468,Plymouth,Estados Unidos,Sedan,Gas,69,7377.0,Carworld Pacifico,Cali,8762,8625.0,182.0,2026-01-01
469,Honda,Japon,Hatchback,Gas,75,8448.0,Primeauto Andino,Pereira,5093,9053.0,195.0,2026-01-01
470,Volkswagen,Alemania,Sedan,Gas,103,13321.0,Autoplaza Norte,Bogota,8330,13676.0,173.0,2024-01-01
471,Toyota,Japon,Hatchback,Gas,63,6544.0,Carworld Pacifico,Cali,4100,8346.0,178.0,2026-01-01
472,Toyota,Japon,Sedan,Gas,114,8720.0,MotorCenter Sur,Medellin,5903,10371.0,185.0,2026-01-01
473,Nissan,Japon,Sedan,Gas,66,5373.0,Autoplaza Norte,Bogota,3396,6501.0,155.0,2026-01-01
474,Nissan,Japon,Sedan,Gas,67,7556.0,Autoplaza Norte,Bogota,4303,8823.0,218.0,2026-01-01
475,Renault,Francia,Hatchback,Gas,109,9540.0,Drivehub Caribe,Cali,5864,10321.0,158.0,2025-01-01
476,Toyota,Japon,Hatchback,Gas,69,8624.0,Drivehub Caribe,Barranquilla,5239,8822.0,189.0,2026-01-01
477,Toyota,Japon,Sedan,Diesel,79,10248.0,Carworld Pacifico,Cali,5996,12311.0,136.0,2026-01-01
478,Audi,Alemania,Sedan,Gas,102,13810.0,Velocity Motors,Bucaramanga,8415,15034.0,154.0,2026-01-01
479,Saab,Suecia,Sedan,Gas,162,18238.0,Drivehub Caribe,Barranquilla,12610,20492.0,109.0,2025-01-01
480,Dodge,Estados Unidos,Hatchback,Gas,72,6414.0,Autoplaza Norte,Bogota,3647,7681.0,167.0,2026-01-01
481,Mazda,Japon,Sedan,Gas,84,8305.0,Carworld Pacifico,Cali,5141,10088.0,177.0,2026-01-01
482,Toyota,Japon,Hardtop,Gas,112,11093.0,Primeauto Andino,Pereira,6538,12435.0,186.0,2026-01-01
483,Mazda,Japon,Sedan,Gas,103,6640.0,Primeauto Andino,Pereira,4261,7480.0,167.0,2026-01-01
484,Toyota,Japon,Hatchback,Gas,70,8026.0,MotorCenter Sur,Medellin,6127,8896.0,141.0,2026-01-01
485,Nissan,Japon,Sedan,Gas,66,7626.0,Autoplaza Norte,Bogota,4389,8567.0,204.0,2026-01-01
486,Jaguar,Reino Unido,Sedan,Gas,260,36300.0,MotorCenter Sur,Medellin,26034,38662.0,56.0,2025-01-01
487,Mercedes-Benz,Alemania,Sedan,Diesel,120,31502.0,Carworld Pacifico,Cali,20548,32424.0,70.0,2025-01-01
488,Peugot,Francia,Wagon,Gas,100,12253.0,Drivehub Caribe,Barranquilla,9321,13212.0,165.0,2023-01-01
489,Toyota,Japon,Hatchback,Gas,70,7399.0,Velocity Motors,Bucaramanga,4314,7633.0,198.0,2026-01-01
490,Plymouth,Estados Unidos,Hatchback,Gas,144,12659.0,Autoplaza Norte,Bogota,7459,14057.0,153.0,2024-01-01
491,Volkswagen,Alemania,Sedan,Gas,110,13152.0,Autoplaza Norte,Bogota,8670,14141.0,141.0,2024-01-01
492,Toyota,Japon,Hatchback,Gas,104,16619.0,Drivehub Caribe,Barranquilla,9927,19724.0,160.0,2026-01-01
493,Toyota,Japon,Wagon,Gas,63,9299.0,Velocity Motors,Bucaramanga,6172,10316.0,142.0,2024-01-01
494,Plymouth,Estados Unidos,Hatchback,Gas,140,12165.0,Autoplaza Norte,Bogota,7230,14523.0,149.0,2024-01-01
495,Mazda,Japon,Hatchback,Gas,81,10880.0,Carworld Pacifico,Cali,7392,11623.0,153.0,2026-01-01
496,Mitsubishi,Japon,Sedan,Gas,91,6526.0,Carworld Pacifico,Cali,4719,8247.0,186.0,2025-01-01
497,Dodge,Estados Unidos,Hatchback,Gas,67,6276.0,MotorCenter Sur,Medellin,3994,6602.0,218.0,2026-01-01
498,Mitsubishi,Japon,Hatchback,Gas,65,7037.0,Velocity Motors,Bucaramanga,4887,7691.0,186.0,2026-01-01
499,Volkswagen,Alemania,Hatchback,Gas,91,10151.0,Velocity Motors,Bucaramanga,9233,10861.0,206.0,2025-01-01
500,Mitsubishi,Japon,Sedan,Gas,118,9334.0,Carworld Pacifico,Cali,6029,11226.0,179.0,2024-01-01
501,Dodge,Estados Unidos,Hatchback,Gas,98,7801.0,Carworld Pacifico,Cali,5960,8958.0,148.0,2024-01-01
502,Saab,Suecia,Sedan,Gas,111,15527.0,Velocity Motors,Bucaramanga,10175,17925.0,107.0,2026-01-01
503,Volvo,Suecia,Wagon,Gas,117,16369.0,Velocity Motors,Bucaramanga,9694,18279.0,183.0,2026-01-01
504,Toyota,Japon,Hatchback,Gas,105,16103.0,Drivehub Caribe,Barranquilla,9478,19011.0,131.0,2026-01-01
505,Mazda,Japon,Hatchback,Gas,138,15486.0,Velocity Motors,Cali,11189,17403.0,182.0,2026-01-01
506,Nissan,Japon,Sedan,Gas,66,7350.0,Velocity Motors,Bucaramanga,5376,8381.0,173.0,2025-01-01
507,Peugot,Francia,Wagon,Gas,98,12106.0,Drivehub Caribe,Barranquilla,9185,13712.0,174.0,2023-01-01
508,Mazda,Japon,Hatchback,Gas,67,6603.0,Carworld Pacifico,Cali,5111,7883.0,182.0,2025-01-01
509,Mazda,Japon,Hatchback,Gas,99,12995.0,MotorCenter Sur,Medellin,9465,14367.0,190.0,2024-01-01
510,Mazda,Japon,Hatchback,Gas,70,5266.0,Carworld Pacifico,Cali,3164,6271.0,165.0,2026-01-01
511,Volvo,Suecia,Sedan,Diesel,111,22899.0,Primeauto Andino,Pereira,17715,23523.0,116.0,2024-01-01
512,Toyota,Japon,Wagon,Gas,66,6974.0,Primeauto Andino,Cali,4011,8171.0,153.0,2026-01-01
513,Toyota,Japon,Sedan,Gas,108,9250.0,Carworld Pacifco,Cali,6719,10400.0,167.0,2025-01-01
514,Toyota,Japon,Hardtop,Gas,116,9669.0,Autoplaza Norte,Bogota,5990,10941.0,140.0,2024-01-01
515,Volvo,Suecia,Sedan,Gas,115,16204.0,Primeauto Andino,Pereira,10317,17636.0,163.0,2025-01-01
516,Dodge,Estados Unidos,Hatchback,Gas,70,6445.0,Autoplaza Norte,Bogota,3654,7604.0,171.0,2026-01-01
517,Toyota,Japon,Wagon,Gas,157,15700.0,Autoplaza Norte,Bogota,10829,17358.0,144.0,2025-01-01
518,Bmw,Alemania,Sedan,Gas,122,24109.0,Velocity Motors,Bucaramanga,17104,27149.0,108.0,2026-01-01
519,Nissan,Japon,Hardtop,Gas,71,8888.0,Carworld Pacifico,Cali,5575,9274.0,189.0,2025-01-01
520,Plymouth,Estados Unidos,Sedan,Gas,68,7489.0,Carworld Pacifico,Cali,8919,8719.0,178.0,2026-01-01
521,Mercedes-Benz,Alemania,Hardtop,Gas,179,44342.0,Primeauto Andino,Pereira,28211,50087.0,1.0,2023-01-01
522,Honda,Japon,Hatchback,Gas,57,6577.0,Drivehub Caribe,Barranquilla,9133,7071.0,195.0,2026-01-01
523,Honda,Japon,Sedan,Gas,88,8923.0,Carworld Pacifico,Cali,6175,10991.0,214.0,2025-01-01
524,Toyota,Japon,Hatchback,Gas,104,9498.0,Velocity Motors,Bucaramanga,6827,11962.0,192.0,2023-01-01
525,Mercedes-Benz,Alemania,Sedan,Diesel,124,26556.0,Autoplaza Norte,Bogota,18530,28424.0,68.0,2026-01-01
526,Mazda,Japon,Sedan,Gas,123,18220.0,Drivehub Caribe,Barranquilla,12381,20005.0,139.0,2026-01-01
527,Volkswagen,Alemania,Convertible,Gas,89,11144.0,Carworld Pacifico,Cali,8862,13381.0,150.0,2026-01-01
528,Dodge,Estados Unidos,Hatchback,Gas,149,13503.0,Autoplaza Norte,Bogota,7450,14443.0,140.0,2026-01-01
529,Volkswagen,Alemania,Sedan,Gas,105,9703.0,Primeauto Andino,Pereira,5541,10959.0,184.0,2026-01-01
530,Volkswagen,Alemania,Convertible,Gas,86,11082.0,Carworld Pacifico,Cali,9251,13332.0,154.0,2026-01-01
531,Plymouth,Estados Unidos,Wagon,Gas,92,9476.0,MotorCenter Sur,Medellin,6485,10452.0,151.0,2026-01-01
532,Honda,Japon,Hatchback,Gas,75,7293.0,Carworld Pacifico,Cali,4173,7708.0,177.0,2026-01-01
533,Honda,Japon,Hatchback,Gas,57,5397.0,MotorCenter Sur,Medellin,3912,6195.0,218.0,2025-01-01
534,Mazda,Japon,Sedan,Gas,81,8968.0,Carworld Pacifico,Cali,5324,9694.0,174.0,2026-01-01
535,Plymouth,Estados Unidos,Hatchback,Gas,98,8001.0,Autoplaza Norte,Bogota,5047,8838.0,180.0,2026-01-01
536,Honda,Japon,Hatchback,Gas,76,6848.0,Drivehub Caribe,Barranquilla,4620,7874.0,175.0,2026-01-01
537,Nissan,Japon,Sedan,Gas,68,7130.0,Velocity Motors,Bucaramanga,5534,9019.0,161.0,2025-01-01
538,Dodge,Estados Unidos,Hatchback,Gas,67,6356.0,MotorCenter Sur,Medellin,4065,6586.0,195.0,2026-01-01
539,Peugot,Francia,Sedan,Gas,97,15840.0,Autoplaza Norte,Bogota,8913,17745.0,180.0,2026-01-01
540,Audi,Alemania,Sedan,Gas,116,17459.0,Velocity Motors,Bucaramanga,11512,19673.0,76.0,2026-01-01
541,Subaru,Japon,Wagon,Gas,83,7257.0,Carworld Pacifico,Cali,4400,8181.0,206.0,2026-01-01
542,Bmw,Alemania,Sedan,Gas,123,21065.0,Drive Hub Caribe,Barranquilla,11836,23770.0,103.0,2026-01-01
543,Honda,Japon,Sedan,Gas,88,10270.0,Carworld Pacifico,Cali,6308,10724.0,137.0,2024-01-01
544,Honda,Japon,Wagon,Gas,70,6955.0,Primeauto Andino,Cali,5162,7779.0,155.0,2026-01-01
545,Toyota,Japon,Hatchback,Gas,115,10954.0,Carworld Pacifico,Cali,6662,11940.0,119.0,2026-01-01
546,Bmw,Alemania,Sedan,Gas,93,17260.0,Carworld Pacifico,Cali,10976,17409.0,160.0,2023-01-01
547,Nissan,Japon,Sedan,Gas,69,5118.0,Autoplaza Norte,Bogota,3547,6742.0,179.0,2026-01-01
548,Plymouth,Estados Unidos,Sedan,Gas,68,6740.0,Autoplaza Norte,Bogota,4085,7389.0,218.0,2026-01-01
549,Nissan,Japon,Hatchback,Gas,166,18091.0,Autoplaza Norte,Bogota,11962,21067.0,106.0,2025-01-01
550,Subaru,Japon,Hatchback,Gas,76,7951.0,MotorCenter Sur,Medellin,8515,8651.0,200.0,2026-01-01
551,Toyota,Japon,Sedan,Gas,113,9137.0,MotorCenter Sur,Medellin,6083,10227.0,198.0,2026-01-01
552,Mitsubishi,Japon,Hatchback,Gas,142,12921.0,MotorCenter Sur,Medellin,7080,14603.0,143.0,2026-01-01
553,Toyota,Japon,Hardtop,Gas,118,11043.0,Primeauto Andino,Pereira,6550,12468.0,181.0,2026-01-01
554,Mazda,Japon,Sedan,Diesel,71,18417.0,Primeauto Andino,Pereira,13716,20205.0,136.0,2025-01-01
555,Volvo,Suecia,Sedan,Gas,160,19536.0,Carworld Pacifico,Cali,11018,22285.0,101.0,2026-01-01
556,Nissan,Japon,Hatchback,Gas,166,16921.0,Autoplaza Norte,Bogota,9656,20875.0,116.0,2024-01-01
557,Toyota,Japon,Hatchback,Gas,61,6559.0,Velocity Motors,Bucaramanga,4323,7351.0,178.0,2026-01-01
558,Toyota,Japon,Hatchback,Gas,166,15442.0,MotorCenter Sur,Medellin,9115,17682.0,130.0,2026-01-01
559,Toyota,Japon,Sedan,Gas,72,8141.0,Carworld Pacifico,Cali,4858,8842.0,181.0,2025-01-01
560,Toyota,Japon,Hatchback,Gas,89,10311.0,Carworld Pacifico,Cali,6567,11395.0,183.0,2026-01-01
561,Peugot,Francia,Wagon,Diesel,98,14180.0,Drivehub Caribe,Barranquilla,10222,16353.0,138.0,2026-01-01
562,Audi,Alemania,Sedan,Gas,143,25476.0,Drivehub Caribe,Barranquilla,13956,28213.0,93.0,2026-01-01
563,Nissan,Japon,Wagon,Gas,153,14014.0,Velocity Motors,Bucaramanga,9402,16184.0,133.0,2023-01-01
564,Honda,Japon,Hatchback,Gas,84,7514.0,Primeauto Andino,Pereira,4927,8761.0,152.0,2026-01-01
565,Volkswagen,Alemania,Sedan,Diesel,50,7504.0,Primeauto Andino,Cali,5277,9024.0,194.0,2024-01-01
566,Mazda,Japon,Hatchback,Gas,67,5315.0,Carworld Pacifico,Cali,3148,6173.0,202.0,2026-01-01
567,Jaguar,Reino Unido,Sedan,Gas,179,36170.0,Autoplaza Norte,Bogota,23830,36792.0,52.0,2026-01-01
568,Mazda,Japon,Sedan,Gas,100,6719.0,Primeauto Andino,Pereira,4510,7554.0,174.0,2026-01-01
569,Saab,Suecia,Sedan,Gas,112,11692.0,Autoplaza Norte,Bogota,7376,13772.0,202.0,2026-01-01
570,Peugot,Francia,Sedan,Gas,136,18637.0,MotorCenter Sur,Medellin,11048,20349.0,130.0,2024-01-01
571,Volvo,Suecia,Sedan,Gas,113,12385.0,Drivehub Caribe,Barranquilla,8712,13685.0,179.0,2026-01-01
572,Mitsubishi,Japon,Sedan,Gas,88,8521.0,Primeauto Andino,Pereira,8275,8860.0,172.0,2026-01-01
573,Mazda,Japon,Hatchback,Gas,91,9730.0,MotorCenter Sur,Medellin,5185,10240.0,171.0,2025-01-01
574,Bmw,Alemania,Sedan,Gas,96,16641.0,Velocity Motors,Bucaramanga,12053,18252.0,178.0,2023-01-01
575,Alfa-Romero,Italia,Convertible,Gas,109,16837.0,Velocity Motors,Bucaramanga,8919,19467.0,121.0,2026-01-01
576,Mitsubishi,Japon,Hatchback,Gas,68,6554.0,Velocity Motors,Bucaramanga,4917,7723.0,167.0,2026-01-01
577,Volkswagen,Alemania,Hatchback,Gas,91,9348.0,Velocity Motors,Bucaramanga,8403,10838.0,211.0,2025-01-01
578,Peugot,Francia,Sedan,Diesel,95,12922.0,Carworld Pacifico,Cali,9366,15925.0,116.0,2026-01-01
579,Volkswagen,Alemania,Sedan,Gas,86,7670.0,Autoplaza Norte,Bogota,4429,8917.0,205.0,2026-01-01
580,Dodge,Estados Unidos,Hatchback,Gas,68,5290.0,Velocity Motors,Bucaramanga,3620,6576.0,174.0,2024-01-01
581,Chevrolet,Estados Unidos,Hatchback,Gas,74,6674.0,Motor Center Sur,Medellin,4237,7706.0,208.0,2024-01-01
582,Toyota,Japon,Hatchback,Gas,114,11659.0,Carworld Pacifico,Cali,7235,12075.0,138.0,2026-01-01
583,Dodge,Estados Unidos,Hatchback,Gas,71,6462.0,Autoplaza Norte,Bogota,3839,7182.0,173.0,2026-01-01
584,Bmw,Alemania,Sedan,Gas,99,16742.0,Carworld Pacifico,Cali,10591,17923.0,158.0,2023-01-01
585,Mitsubishi,Japon,Hatchback,Gas,145,14401.0,Primeauto Andino,Pereira,10126,17521.0,140.0,2026-01-01
586,Volkswagen,Alemania,Convertible,Gas,87,11986.0,Carworld Pacifico,Cali,8622,12785.0,120.0,2026-01-01
587,Subaru,Japon,Sedan,Gas,83,7766.0,Drivehub Caribe,Barranquilla,5333,8437.0,202.0,2026-01-01
588,Chevrolet,Estados Unidos,Sedan,Gas,74,6697.0,Carworld Pacifico,Cali,3994,7506.0,201.0,2024-01-01
589,Toyota,Japon,Convertible,Gas,116,17548.0,Carworld Pacifico,Cali,12755,17300.0,136.0,2026-01-01
590,Toyota,Japon,Sedan,Gas,103,8841.0,Carworld Pacifco,Cali,6386,10576.0,170.0,2025-01-01
591,Toyota,Japon,Hatchback,Gas,67,7832.0,MotorCenter Sur,Medellin,6166,8922.0,148.0,2026-01-01
592,Volkswagen,Alemania,Sedan,Gas,84,7628.0,Autoplaza Norte,Bogota,4944,9017.0,208.0,2026-01-01
593,Mazda,Japon,Hatchback,Gas,64,6039.0,Autoplaza Norte,Bogota,3662,7243.0,160.0,2025-01-01
594,Volvo,Suecia,Sedan,Gas,110,16878.0,MotorCenter Sur,Medellin,9999,18691.0,120.0,2026-01-01
595,Mercedes-Benz,Alemania,Sedan,Diesel,124,24402.0,Autoplaza Norte,Bogota,18270,27904.0,78.0,2026-01-01
596,Toyota,Japon,Sedan,Gas,117,9287.0,MotorCenter Sur,Medellin,5962,9445.0,192.0,2026-01-01
597,Plymouth,Estados Unidos,Hatchback,Gas,112,7972.0,Autoplaza Norte,Bogota,4838,8724.0,187.0,2026-01-01
598,Toyota,Japon,Sedan,Gas,69,7154.0,Drivehub Caribe,Barranquilla,4863,8457.0,194.0,2025-01-01
599,Renault,Francia,Wagon,Gas,109,8997.0,Primeauto Andino,Pereira,5869,10134.0,151.0,2026-01-01
600,Saab,Suecia,Sedan,Gas,111,12343.0,Autoplaza Norte,Bogota,6911,14276.0,172.0,2026-01-01
601,Porsche,Alemania,Hardtop,Gas,206,32969.0,Velocity Motors,Bucaramanga,21393,38924.0,57.0,2026-01-01
602,Toyota,Japon,Sedan,Gas,71,7426.0,Drivehub Caribe,Barranquilla,5128,8599.0,183.0,2025-01-01
603,Toyota,Japon,Hatchback,Gas,62,6524.0,Carworld Pacifico,Cali,3921,7603.0,188.0,2026-01-01
604,Dodge,Estados Unidos,Wagon,Gas,88,9240.0,Autoplaza Norte,Bogota,6227,10841.0,184.0,2023-01-01
605,Toyota,Japon,Hardtop,Gas,114,11504.0,Primeauto Andino,Pereira,6636,12206.0,201.0,2026-01-01
606,Peugot,Francia,Wagon,Diesel,90,13814.0,Drivehub Caribe,Barranquilla,9848,15969.0,136.0,2026-01-01
607,Mercedes-Benz,Alemania,Sedan,Diesel,116,25133.0,Autoplaza Norte,Bogota,18238,27007.0,73.0,2026-01-01
608,Nissan,Japon,Hatchback,Gas,164,17994.0,Autoplaza Norte,Bogota,11913,20600.0,111.0,2025-01-01
609,Volvo,Suecia,Sedan,Gas,160,18722.0,Autoplaza Norte,Bogota,8835,22441.0,124.0,2026-01-01
610,Toyota,Japon,Sedan,Gas,90,10972.0,Primeauto Andino,Cali,7240,13976.0,172.0,2025-01-01
611,Toyota,Japon,Hatchback,Gas,116,11803.0,Carworld Pacifico,Cali,6504,12384.0,156.0,2026-01-01
612,Nissan,Japon,Sedan,Gas,71,7534.0,Autoplaza Norte,Bogota,4802,8579.0,180.0,2026-01-01
613,Toyota,Japon,Hatchback,Gas,70,8598.0,Drivehub Caribe,Barranquilla,5002,8687.0,188.0,2026-01-01
614,Mitsubishi,Japon,Hatchback,Gas,113,9992.0,MotorCenter Sur,Medellin,5865,10799.0,187.0,2025-01-01
615,Subaru,Japon,Sedan,Gas,86,7322.0,Primeauto Andino,Pereira,3771,7942.0,184.0,2023-01-01
616,Saab,Suecia,Hatchback,Gas,116,12211.0,Drivehub Caribe,Barranquilla,8926,12833.0,209.0,2026-01-01
617,Mazda,Japon,Sedan,Gas,105,6506.0,Primeauto Andino,Pereira,4273,7819.0,206.0,2026-01-01
618,Mazda,Japon,Hatchback,Gas,107,11095.0,Autoplaza Norte,Bogota,9422,12857.0,148.0,2024-01-01
619,Bmw,Alemania,Sedan,Gas,126,22245.0,Primeauto Andino,Pereira,13334,23563.0,123.0,2026-01-01
620,Dodge,Estados Unidos,Hatchback,Gas,151,13080.0,Autoplaza Norte,Bogota,7254,15173.0,139.0,2026-01-01
621,Nissan,Japon,Sedan,Diesel,56,6673.0,Primeauto Andino,Pereira,8389,7558.0,170.0,2025-01-01
622,Nissan,Japon,Hatchback,Gas,99,8725.0,Carworld Pacifico,Cali,6646,9697.0,163.0,2026-01-01
623,Honda,Japon,Hatchback,Gas,77,7322.0,Carworld Pacifico,Cali,4391,8014.0,198.0,2026-01-01
624,Mitsubishi,Japon,Sedan,Gas,85,8109.0,Primeauto Andino,Pereira,8524,8630.0,158.0,2026-01-01
625,Plymouth,Estados Unidos,Hatchback,Gas,149,12535.0,Autoplaza Norte,Bogota,7211,15275.0,145.0,2024-01-01
626,Jaguar,Reino Unido,Sedan,Gas,250,37765.0,MotorCenter Sur,Medellin,25469,36666.0,62.0,2025-01-01
627,Mercedes-Benz,Alemania,Sedan,Diesel,120,30442.0,Carworld Pacifico,Cali,21147,35158.0,75.0,2025-01-01
628,Mitsubishi,Japon,Hatchback,Gas,71,5238.0,Carworld Pacifico,Cali,3329,6525.0,187.0,2023-01-01
629,Nissan,Japon,Hatchback,Gas,165,17326.0,Autoplaza Norte,Bogota,9336,19403.0,115.0,2024-01-01
630,Mitsubishi,Japon,Hatchback,Gas,72,5463.0,Carworld Pacifico,Cali,3516,6327.0,188.0,2023-01-01
631,Toyota,Japon,Hatchback,Gas,61,6601.0,Carworld Pacifico,Cali,4164,7854.0,187.0,2026-01-01
632,Mercedes-Benz,Alemania,Wagon,Diesel,118,29149.0,Carworld Pacifico,Cali,21103,30607.0,87.0,2026-01-01
633,Nissan,Japon,Sedan,Diesel,55,7148.0,Primeauto Andino,Pereira,8778,7657.0,161.0,2025-01-01
634,Mitsubishi,Japon,Hatchback,Gas,102,7821.0,MotorCenter Sur,Medellin,4544,7939.0,212.0,2026-01-01
635,Honda,Japon,Hatchback,Gas,86,7823.0,Primeauto Andino,Pereira,5021,8873.0,192.0,2026-01-01
636,Subaru,Japon,Sedan,Gas,85,7142.0,Primeauto Andino,Pereira,3835,8799.0,200.0,2023-01-01
637,Mazda,Japon,Hatchback,Gas,67,5215.0,Carworld Pacifico,Cali,3078,6421.0,185.0,2026-01-01
638,Mazda,Japon,Sedan,Gas,85,10322.0,Carworld Pacifco,Cali,7157,11510.0,144.0,2025-01-01
639,Toyota,Japon,Sedan,Gas,68,8276.0,Carworld Pacifico,Cali,4657,8668.0,209.0,2025-01-01
640,Volvo,Suecia,Sedan,Gas,116,13191.0,Drivehub Caribe,Barranquilla,9111,13423.0,179.0,2026-01-01
641,Subaru,Japon,Hatchback,Gas,69,5126.0,Autoplaza Norte,Bogota,3097,5766.0,166.0,2024-01-01
642,Volkswagen,Alemania,Sedan,Gas,97,9712.0,Autoplaza Norte,Bogota,6004,11327.0,194.0,2026-01-01
643,Toyota,Japon,Hatchback,Gas,91,10012.0,Carworld Pacifico,Cali,6410,11500.0,182.0,2026-01-01
644,Nissan,Japon,Hatchback,Gas,96,8940.0,Carworld Pacifico,Cali,6524,10229.0,144.0,2026-01-01
645,Toyota,Japon,Sedan,Diesel,55,7951.0,Carworld Pacifico,Cali,4491,8468.0,218.0,2024-01-01
646,Mercedes-Benz,Alemania,Hardtop,Diesel,131,30352.0,MotorCenter Sur,Medellin,19238,31933.0,94.0,2025-01-01
647,Nissan,Japon,Hatchback,Gas,69,7656.0,MotorCenter Sur,Medellin,5039,8898.0,202.0,2026-01-01
648,Peugot,Francia,Wagon,Diesel,94,14065.0,Drivehub Caribe,Barranquilla,10004,16317.0,151.0,2026-01-01
649,Volvo,Suecia,Wagon,Gas,106,17133.0,Velocity Motors,Bucaramanga,9731,18541.0,160.0,2026-01-01
650,Toyota,Japon,Sedan,Diesel,71,10735.0,Carworld Pacifico,Cali,6112,12325.0,152.0,2026-01-01
651,Nissan,Japon,Sedan,Gas,151,14604.0,Autoplaza Norte,Bogota,8566,14575.0,156.0,2026-01-01
652,Saab,Suecia,Sedan,Gas,107,15305.0,Velocity Motors,Bucaramanga,10264,18374.0,124.0,2026-01-01
653,Honda,Japon,Sedan,Gas,106,13092.0,Autoplaza Norte,Bogota,8275,14063.0,160.0,2026-01-01
654,Toyota,Japon,Sedan,Gas,111,9038.0,MotorCenter Sur,Medellin,5854,10012.0,178.0,2026-01-01
655,Peugot,Francia,Wagon,Diesel,99,16865.0,Autoplaza Norte,Bogota,12237,18753.0,144.0,2025-01-01
656,Peugot,Francia,Wagon,Diesel,95,13981.0,Drivehub Caribe,Barranquilla,10720,17236.0,153.0,2026-01-01
657,Toyota,Japon,Sedan,Diesel,56,8132.0,Carworld Pacifico,Cali,4569,8554.0,213.0,2024-01-01
658,Renault,Francia,Hatchback,Gas,103,10006.0,Drivehub Caribe,Cali,6195,10707.0,130.0,2025-01-01
659,Bmw,Alemania,Sedan,Gas,182,32116.0,MotorCenter Sur,Medellin,22563,35833.0,76.0,2026-01-01
660,Mazda,Japon,Sedan,Gas,89,8467.0,Carworld Pacifico,Cali,5112,9587.0,167.0,2026-01-01
661,Honda,Japon,Wagon,Gas,70,7210.0,Primeauto Andino,Cali,5744,8999.0,123.0,2026-01-01
662,Toyota,Japon,Hatchback,Gas,58,6938.0,Velocity Motors,Bucaramanga,4303,7429.0,183.0,2026-01-01
663,Audi,Alemania,Wagon,Gas,108,19181.0,Drivehub Caribe,Barranquilla,14308,22259.0,147.0,2024-01-01
664,Honda,Japon,Sedan,Gas,101,12619.0,Autoplaza Norte,Bogota,8342,14799.0,156.0,2026-01-01
665,Plymouth,Estados Unidos,Wagon,Gas,90,8704.0,MotorCenter Sur,Medellin,6652,9692.0,170.0,2026-01-01
666,Subaru,Japon,Sedan,Gas,96,9631.0,Autoplaza Norte,Bogota,6037,11535.0,185.0,2026-01-01
667,Nissan,Japon,Hatchback,Gas,158,17763.0,Autoplaza Norte,Bogota,9571,20736.0,103.0,2024-01-01
668,Toyota,Japon,Hatchback,Gas,95,11105.0,Primeauto Andino,Pereira,8349,11901.0,188.0,2026-01-01
669,Volkswagen,Alemania,Sedan,Gas,104,10040.0,Autoplaza Norte,Bogota,5912,11026.0,178.0,2026-01-01
670,Dodge,Estados Unidos,Sedan,Gas,103,8539.0,Carworld Pacifico,Cali,6162,9653.0,218.0,2025-01-01
671,Volvo,Suecia,Wagon,Gas,118,13758.0,Autoplaza Norte,Bogota,7267,16266.0,179.0,2025-01-01
672,Porsche,Alemania,Hardtop,Gas,209,31564.0,Velocity Motors,Bucaramanga,22583,38283.0,60.0,2026-01-01
673,Renault,Francia,Hatchback,Gas,102,9523.0,Drivehub Caribe,Cali,6052,10773.0,151.0,2025-01-01
674,Chevrolet,Estados Unidos,Sedan,Gas,72,6627.0,Carworld Pacifico,Cali,3644,7350.0,218.0,2024-01-01
675,Porsche,Alemania,Hardtop,Gas,208,34744.0,Drivehub Caribe,Barranquilla,20581,38438.0,62.0,2023-01-01
676,Subaru,Japon,Wagon,Gas,111,11830.0,Autoplaza Norte,Bogota,8514,13672.0,159.0,2026-01-01
677,Plymouth,Estados Unidos,Hatchback,Gas,107,7732.0,Autoplaza Norte,Bogota,5102,9289.0,193.0,2026-01-01
678,Bmw,Alemania,Sedan,Gas,166,37754.0,Primeauto Andino,Pereira,8109,45565.0,34.0,2026-01-01
679,Peugot,Francia,Sedan,Diesel,90,12856.0,Carworld Pacifico,Cali,9358,15852.0,96.0,2026-01-01
680,Volkswagen,Alemania,Sedan,Diesel,65,13592.0,Drivehub Caribe,Barranquilla,9417,14125.0,114.0,2024-01-01
681,Subaru,Japon,Wagon,Gas,110,11308.0,Autoplaza Norte,Bogota,7935,12874.0,148.0,2026-01-01
682,Dodge,Estados Unidos,Wagon,Gas,87,9327.0,Autoplaza Norte,Bogota,6454,10660.0,196.0,2023-01-01
683,Volvo,Suecia,Sedan,Gas,108,16339.0,Primeauto Andino,Pereira,10852,17214.0,152.0,2025-01-01
684,Volvo,Suecia,Sedan,Gas,110,16323.0,Primeauto Andino,Pereira,10362,17922.0,139.0,2025-01-01
685,Honda,Japon,Sedan,Gas,74,7613.0,Primeauto Andino,Pereira,5110,8425.0,175.0,2026-01-01
686,Toyota,Japon,Hatchback,Gas,76,9049.0,MotorCenter Sur,Medellin,5933,8614.0,126.0,2026-01-01
687,Mitsubishi,Japon,Hatchback,Gas,154,13622.0,Primeauto Andino,Pereira,9905,16651.0,124.0,2026-01-01
688,Plymouth,Estados Unidos,Sedan,Gas,67,7412.0,Carworld Pacifico,Cali,8271,8614.0,197.0,2026-01-01
689,Nissan,Japon,Sedan,Gas,68,6701.0,Velocity Motors,Bucaramanga,8190,7889.0,191.0,2025-01-01
690,Toyota,Japon,Hatchback,Gas,67,8109.0,Drivehub Caribe,Barranquilla,5335,9400.0,199.0,2026-01-01
691,Volvo,Suecia,Sedan,Gas,106,21772.0,Autoplaza Norte,Bogota,13556,24972.0,126.0,2026-01-01
692,Toyota,Japon,Sedan,Gas,70,7973.0,Carworld Pacifico,Cali,5036,8919.0,192.0,2025-01-01
693,Volkswagen,Alemania,Sedan,Gas,106,12729.0,Autoplaza Norte,Bogota,8698,13667.0,147.0,2024-01-01
694,Volvo,Suecia,Sedan,Gas,114,13092.0,Drivehub Caribe,Barranquilla,9251,13218.0,206.0,2026-01-01
695,Chevrolet,Estados Unidos,Hatchback,Gas,66,6306.0,Motor Center Sur,Medellin,3949,7296.0,192.0,2024-01-01
696,Mazda,Japon,Sedan,Gas,101,6808.0,Primeauto Andino,Pereira,4506,7710.0,203.0,2026-01-01
697,Subaru,Japon,Wagon,Gas,112,11902.0,Autoplaza Norte,Bogota,7834,13660.0,187.0,2026-01-01
698,Plymouth,Estados Unidos,Sedan,Gas,69,6833.0,Autoplaza Norte,Bogota,4301,6887.0,181.0,2026-01-01
699,Bmw,Alemania,Sedan,Gas,102,16704.0,Carworld Pacifico,Cali,10842,17320.0,153.0,2023-01-01
700,Chevrolet,Estados Unidos,Sedan,Gas,67,7063.0,Carworld Pacifico,Cali,3594,7848.0,202.0,2024-01-01
701,Peugot,Francia,Sedan,Gas,100,11998.0,Autoplaza Norte,Bogota,6832,14075.0,152.0,2026-01-01
702,Porsche,Alemania,Hardtop,Gas,201,30408.0,Velocity Motors,Bucaramanga,21702,35912.0,60.0,2026-01-01
703,Honda,Japon,Hatchback,Gas,78,6879.0,Carworld Pacifico,Cali,4319,8148.0,218.0,2026-01-01
704,Honda,Japon,Sedan,Gas,76,6851.0,Primeauto Andino,Pereira,5172,8328.0,169.0,2026-01-01
705,Dodge,Estados Unidos,Sedan,Gas,65,7614.0,Velocity Motors,Bucaramanga,4563,9046.0,188.0,2026-01-01
706,Peugot,Francia,Sedan,Diesel,94,17873.0,Velocity Motors,Bucaramanga,10593,21036.0,176.0,2026-01-01
707,Alfa-Romero,Italia,Convertible,Gas,105,16229.0,Velocity Motors,Bucaramanga,9054,18967.0,121.0,2026-01-01
708,Plymouth,Estados Unidos,Hatchback,Gas,106,5964.0,MotorCenter Sur,Medellin,3322,5971.0,197.0,2023-01-01
709,Nissan,Japon,Hardtop,Gas,69,8407.0,Carworld Pacifico,Cali,5372,10419.0,186.0,2025-01-01
710,Nissan,Japon,Sedan,Gas,73,7690.0,Autoplaza Norte,Bogota,4418,9125.0,204.0,2026-01-01
711,Subaru,Japon,Hatchback,Gas,76,7355.0,MotorCenter Sur,Medellin,8299,9298.0,190.0,2026-01-01
712,Peugot,Francia,Sedan,Diesel,94,12738.0,Carworld Pacifico,Cali,9621,15918.0,118.0,2026-01-01
713,Toyota,Japon,Hatchback,Gas,64,5355.0,Carworld Pacifico,Cali,3269,5716.0,190.0,2025-01-01
714,Toyota,Japon,Hatchback,Gas,75,7242.0,Velocity Motors,Bucaramanga,4301,8274.0,215.0,2026-01-01
715,Volkswagen,Alemania,Sedan,Gas,107,9346.0,Autoplaza Norte,Bogota,6080,11392.0,214.0,2026-01-01
716,Toyota,Japon,Hatchback,Gas,67,8186.0,MotorCenter Sur,Medellin,5842,9060.0,150.0,2026-01-01
717,Peugot,Francia,Sedan,Gas,94,11906.0,Autoplaza Norte,Bogota,7158,13231.0,139.0,2026-01-01
718,Nissan,Japon,Sedan,Gas,160,13397.0,Autoplaza Norte,Bogota,9087,13907.0,149.0,2026-01-01
719,Mazda,Japon,Hatchback,Gas,65,5118.0,Carworld Pacifico,Cali,3077,6278.0,185.0,2026-01-01
720,Plymouth,Estados Unidos,Wagon,Gas,84,8753.0,MotorCenter Sur,Medellin,6434,10066.0,171.0,2026-01-01
721,Dodge,Estados Unidos,Wagon,Gas,87,8866.0,Autoplaza Norte,Bogota,6589,9736.0,167.0,2023-01-01
722,Volkswagen,Alemania,Sedan,Gas,112,13337.0,Autoplaza Norte,Bogota,8593,14299.0,147.0,2024-01-01
723,Toyota,Japon,Sedan,Gas,103,9137.0,Carworld Pacifco,Cali,6440,11449.0,160.0,2025-01-01
724,Dodge,Estados Unidos,Sedan,Gas,66,6945.0,Primeauto Andino,Pereira,5072,8222.0,154.0,2026-01-01
725,Toyota,Japon,Hatchback,Gas,68,8272.0,Drivehub Caribe,Barranquilla,5081,8981.0,184.0,2026-01-01
726,Dodge,Estados Unidos,Hatchback,Gas,66,6130.0,MotorCenter Sur,Medellin,4079,6663.0,190.0,2026-01-01
727,Subaru,Japon,Wagon,Gas,79,8136.0,Drivehub Caribe,Barranquilla,4501,9910.0,170.0,2025-01-01
728,Chevrolet,Estados Unidos,Hatchback,Gas,52,5261.0,Primeauto Andino,Pereira,3525,6379.0,186.0,2026-01-01
729,Nissan,Japon,Sedan,Gas,154,13294.0,Autoplaza Norte,Bogota,8604,14797.0,139.0,2026-01-01
730,Saab,Suecia,Hatchback,Gas,165,18652.0,Primeauto Andino,Pereira,11075,21746.0,166.0,2025-01-01
731,Toyota,Japon,Hatchback,Gas,61,5531.0,Carworld Pacifico,Cali,3403,5986.0,193.0,2025-01-01
732,Mitsubishi,Japon,Sedan,Gas,115,9698.0,Primeauto Andino,Pereira,6261,11253.0,139.0,2024-01-01
733,Volkswagen,Alemania,Convertible,Gas,88,12317.0,Carworld Pacifico,Cali,8238,13104.0,140.0,2026-01-01
734,Toyota,Japon,Hatchback,Diesel,51,7552.0,Velocity Motors,Bucaramanga,4925,8895.0,178.0,2025-01-01
735,Honda,Japon,Sedan,Gas,95,10350.0,Drivehub Caribe,Barranquilla,8685,12194.0,144.0,2024-01-01
736,Subaru,Japon,Hatchback,Gas,65,5120.0,Autoplaza Norte,Bogota,3077,5860.0,175.0,2024-01-01
737,Toyota,Japon,Hatchback,Gas,57,5330.0,Carworld Pacifico,Cali,3554,6023.0,199.0,2025-01-01
738,Mercedes-Benz,Alemania,Sedan,Diesel,118,30882.0,Carworld Pacifico,Cali,22696,35679.0,82.0,2025-01-01
739,Toyota,Japon,Hatchback,Gas,65,6151.0,Carworld Pacifico,Cali,4134,7599.0,200.0,2026-01-01
740,Volkswagen,Alemania,Sedan,Diesel,52,8021.0,Autoplaza Norte,Bogota,6154,10120.0,180.0,2024-01-01
741,Toyota,Japon,Hardtop,Gas,121,9380.0,Autoplaza Norte,Bogota,6112,10918.0,114.0,2024-01-01
742,Toyota,Japon,Hatchback,Gas,71,7220.0,Velocity Motors,Bucaramanga,4068,8827.0,214.0,2026-01-01
743,Renault,Francia,Hatchback,Gas,106,9620.0,Drivehub Caribe,Cali,5689,10636.0,140.0,2025-01-01
744,Mazda,Japon,Hatchback,Gas,98,13120.0,MotorCenter Sur,Medellin,9109,14481.0,192.0,2024-01-01
745,Toyota,Japon,Sedan,Gas,71,8124.0,Carworld Pacifico,Cali,4769,9026.0,205.0,2025-01-01
746,Mitsubishi,Japon,Hatchback,Gas,70,5417.0,Carworld Pacifico,Cali,3375,6292.0,192.0,2023-01-01
747,Peugot,Francia,Wagon,Gas,95,12692.0,Drivehub Caribe,Barranquilla,8683,14426.0,166.0,2023-01-01
748,Mazda,Japon,Sedan,Diesel,73,19747.0,Primeauto Andino,Pereira,13496,20246.0,130.0,2025-01-01
749,Mazda,Japon,Sedan,Gas,122,18457.0,Drivehub Caribe,Barranquilla,12624,20871.0,156.0,2026-01-01
750,Honda,Japon,Hatchback,Gas,59,5491.0,MotorCenter Sur,Medellin,3835,6081.0,212.0,2025-01-01
751,Volvo,Suecia,Wagon,Gas,110,15892.0,Velocity Motors,Bucaramanga,10115,19671.0,139.0,2026-01-01
752,Honda,Japon,Hatchback,Gas,56,6187.0,Drivehub Caribe,Barranquilla,8224,6768.0,197.0,2026-01-01
753,Chevrolet,Estados Unidos,Hatchback,Gas,48,5436.0,Primeauto Andino,Pereira,3507,6440.0,218.0,2026-01-01
754,Volkswagen,Alemania,Sedan,Diesel,69,13398.0,Drivehub Caribe,Barranquilla,9274,15452.0,108.0,2024-01-01
755,Peugot,Francia,Wagon,Diesel,92,16451.0,Autoplaza Norte,Bogota,12982,19564.0,145.0,2025-01-01
756,Nissan,Japon,Sedan,Gas,69,6640.0,Velocity Motors,Bucaramanga,4612,7772.0,188.0,2024-01-01
757,Toyota,Japon,Hatchback,Gas,63,6468.0,Carworld Pacifico,Cali,4098,7764.0,196.0,2026-01-01
758,Mitsubishi,Japon,Hatchback,Gas,119,9644.0,MotorCenter Sur,Medellin,5688,10565.0,169.0,2025-01-01
759,Dodge,Estados Unidos,Sedan,Gas,72,7528.0,Velocity Motors,Bucaramanga,4599,9126.0,182.0,2026-01-01
760,Toyota,Japon,Hatchback,Gas,65,5578.0,Carworld Pacifico,Cali,3543,5930.0,194.0,2025-01-01
761,Honda,Japon,Wagon,Gas,73,7089.0,Primeauto Andino,Cali,5038,7790.0,151.0,2026-01-01
762,Peugot,Francia,Wagon,Diesel,101,16242.0,Autoplaza Norte,Bogota,12855,18459.0,157.0,2025-01-01
763,Volvo,Suecia,Sedan,Gas,112,13367.0,Drivehub Caribe,Barranquilla,9087,13372.0,189.0,2026-01-01
764,Volkswagen,Alemania,Sedan,Diesel,70,14084.0,Drivehub Caribe,Barranquilla,9594,14930.0,124.0,2024-01-01
765,Mercury,Estados Unidos,Hatchback,Gas,175,16145.0,MotorCenter Sur,Medellin,10204,19678.0,162.0,2024-01-01
766,Toyota,Japon,Sedan,Gas,69,7310.0,Drivehub Caribe,Barranquilla,4937,8641.0,218.0,2025-01-01
767,Porsche,Alemania,Hardtop,Gas,194,31680.0,Velocity Motors,Bucaramanga,21205,38448.0,65.0,2026-01-01
768,Nissan,Japon,Hatchback,Gas,96,8932.0,Carworld Pacifico,Cali,6667,9749.0,154.0,2026-01-01
769,Dodge,Estados Unidos,Hatchback,Gas,137,13493.0,Autoplaza Norte,Bogota,7570,15642.0,139.0,2026-01-01
770,Mitsubishi,Japon,Hatchback,Gas,70,6427.0,Velocity Motors,Bucaramanga,5195,7426.0,170.0,2026-01-01
771,Saab,Suecia,Sedan,Gas,116,15464.0,Velocity Motors,Bucaramanga,10229,17877.0,138.0,2026-01-01
772,Volvo,Suecia,Sedan,Gas,130,21993.0,Drivehub Caribe,Barranquilla,12508,24178.0,146.0,2023-01-01
773,Alfa-Romero,Italia,Convertible,Gas,112,12370.0,Carworld Pacifico,Cali,8800,13291.0,160.0,2025-01-01
774,Subaru,Japon,Wagon,Gas,80,8303.0,Drivehub Caribe,Barranquilla,4393,9345.0,197.0,2025-01-01
775,Toyota,Japon,Sedan,Diesel,71,10255.0,Carworld Pacifico,Cali,6043,12310.0,148.0,2026-01-01
776,Volvo,Suecia,Wagon,Gas,117,13571.0,Autoplaza Norte,Bogota,7336,14537.0,187.0,2025-01-01
777,Mitsubishi,Japon,Sedan,Gas,116,9359.0,Carworld Pacifico,Cali,6396,11533.0,154.0,2024-01-01
778,Dodge,Estados Unidos,Hatchback,Gas,72,6465.0,MotorCenter Sur,Medellin,3889,7013.0,189.0,2026-01-01
779,Mazda,Japon,Hatchback,Gas,99,13908.0,MotorCenter Sur,Medellin,8921,14647.0,181.0,2024-01-01
780,Toyota,Japon,Sedan,Diesel,76,9808.0,Carworld Pacifico,Cali,5994,12023.0,171.0,2026-01-01
781,Toyota,Japon,Sedan,Gas,157,15259.0,Carworld Pacifico,Cali,8543,17522.0,149.0,2026-01-01
782,Saab,Suecia,Hatchback,Gas,113,11907.0,Drivehub Caribe,Barranquilla,8628,12384.0,200.0,2026-01-01
783,Dodge,Estados Unidos,Sedan,Gas,67,6646.0,Primeauto Andino,Pereira,5279,8079.0,185.0,2026-01-01
784,Dodge,Estados Unidos,Sedan,Gas,68,6804.0,Primeauto Andino,Pereira,4911,7657.0,163.0,2026-01-01
785,Nissan,Japon,Hatchback,Gas,97,9196.0,Carworld Pacifico,Cali,6558,9801.0,149.0,2026-01-01
786,Plymouth,Estados Unidos,Sedan,Gas,66,6835.0,Autoplaza Norte,Bogota,3804,7225.0,185.0,2026-01-01
787,Audi,Alemania,Sedan,Gas,113,17577.0,Drivehub Caribe,Barranquilla,10251,18948.0,108.0,2026-01-01
788,Subaru,Japon,Sedan,Gas,84,6666.0,Primeauto Andino,Pereira,3884,8808.0,199.0,2023-01-01
789,Peugot,Francia,Sedan,Diesel,97,16631.0,Drivehub Caribe,Cali,10843,18513.0,128.0,2026-01-01
790,Alfa-Romero,Italia,Hatchback,Gas,162,16740.0,Drivehub Caribe,Barranquilla,10288,18462.0,150.0,2026-01-01
791,Chevrolet,Estados Unidos,Sedan,Gas,74,6324.0,Carworld Pacifico,Cali,3680,7246.0,218.0,2024-01-01
792,Nissan,Japon,Sedan,Gas,68,7460.0,Velocity Motors,Bucaramanga,5304,8844.0,160.0,2025-01-01
793,Subaru,Japon,Wagon,Gas,112,12066.0,Autoplaza Norte,Bogota,7683,14372.0,176.0,2026-01-01
794,Toyota,Japon,Hatchback,Gas,101,10033.0,Velocity Motors,Bucaramanga,6429,11549.0,178.0,2023-01-01
795,Nissan,Japon,Sedan,Gas,69,5118.0,Autoplaza Norte,Bogota,3576,6506.0,154.0,2026-01-01
796,Mazda,Japon,Sedan,Gas,82,9787.0,Carworld Pacifco,Cali,7618,12118.0,155.0,2025-01-01
797,Volvo,Suecia,Sedan,Gas,171,19636.0,Autoplaza Norte,Bogota,7914,21681.0,103.0,2026-01-01
798,Nissan,Japon,Hatchback,Gas,70,7650.0,MotorCenter Sur,Medellin,4834,8875.0,176.0,2026-01-01
799,Mazda,Japon,Sedan,Diesel,71,17070.0,Primeauto Andino,Pereira,13026,20036.0,146.0,2025-01-01
800,Nissan,Japon,Sedan,Gas,72,6936.0,Velocity Motors,Bucaramanga,4712,8097.0,177.0,2024-01-01
801,Alfa-Romero,Italia,Hatchback,Gas,142,16508.0,Drivehub Caribe,Barranquilla,10180,17605.0,144.0,2026-01-01
802,Mazda,Japon,Sedan,Diesel,59,11212.0,Carworld Pacifico,Cali,7634,12883.0,141.0,2025-01-01
803,Nissan,Japon,Hatchback,Gas,164,18577.0,Autoplaza Norte,Bogota,12390,20583.0,134.0,2025-01-01
804,Volkswagen,Alemania,Sedan,Gas,100,10155.0,Autoplaza Norte,Bogota,5711,11569.0,204.0,2026-01-01
805,Toyota,Japon,Hatchback,Gas,63,6570.0,Carworld Pacifico,Cali,4135,8159.0,197.0,2026-01-01
806,Toyota,Japon,Hatchback,Gas,67,8562.0,Drivehub Caribe,Barranquilla,4898,8836.0,174.0,2026-01-01
807,Peugot,Francia,Sedan,Diesel,95,18247.0,Drivehub Caribe,Cali,11582,18189.0,128.0,2026-01-01
808,Dodge,Estados Unidos,Hatchback,Gas,111,8227.0,Carworld Pacifico,Cali,5574,8998.0,157.0,2024-01-01
809,Mitsubishi,Japon,Hatchback,Gas,107,8029.0,Carworld Pacifco,Cali,5316,9832.0,178.0,2026-01-01
810,Volvo,Suecia,Sedan,Gas,115,22979.0,Autoplaza Norte,Bogota,13136,24074.0,132.0,2026-01-01
811,Audi,Alemania,Sedan,Gas,138,24829.0,Drivehub Caribe,Barranquilla,14545,26688.0,84.0,2026-01-01
812,Toyota,Japon,Sedan,Gas,154,16350.0,Carworld Pacifico,Cali,8729,16351.0,143.0,2026-01-01
813,Subaru,Japon,Sedan,Gas,76,7020.0,Primeauto Andino,Pereira,4003,8845.0,218.0,2023-01-01
814,Mazda,Japon,Sedan,Gas,85,8841.0,Carworld Pacifico,Cali,5041,9661.0,170.0,2026-01-01
815,Toyota,Japon,Sedan,Gas,72,7989.0,Drivehub Caribe,Barranquilla,5197,8711.0,203.0,2025-01-01
816,Toyota,Japon,Convertible,Gas,110,19260.0,Carworld Pacifico,Cali,13347,18582.0,117.0,2026-01-01
817,Audi,Alemania,Sedan,Gas,137,23248.0,Drivehub Caribe,Barranquilla,14374,27592.0,90.0,2026-01-01
818,Dodge,Estados Unidos,Hatchback,Gas,65,6264.0,Autoplaza Norte,Bogota,3757,7775.0,185.0,2026-01-01
819,Saab,Suecia,Sedan,Gas,155,18421.0,Drivehub Caribe,Barranquilla,11867,20965.0,122.0,2025-01-01
820,Volvo,Suecia,Sedan,Gas,114,22237.0,Autoplaza Norte,Bogota,13492,24073.0,119.0,2026-01-01
821,Audi,Alemania,Sedan,Gas,107,16906.0,Velocity Motors,Bucaramanga,12896,20289.0,76.0,2026-01-01
822,Saab,Suecia,Sedan,Gas,163,16820.0,Drivehub Caribe,Barranquilla,12192,20570.0,127.0,2025-01-01
823,Dodge,Estados Unidos,Wagon,Gas,90,8785.0,Autoplaza Norte,Bogota,6547,10247.0,191.0,2023-01-01
824,Saab,Suecia,Hatchback,Gas,109,15234.0,Drivehub Caribe,Barranquilla,11529,16782.0,173.0,2025-01-01
825,Porsche,Alemania,Convertible,Gas,189,36389.0,Carworld Pacifico,Cali,22650,40199.0,29.0,2026-01-01
826,Chevrolet,Estados Unidos,Hatchback,Gas,68,6721.0,Motor Center Sur,Medellin,4279,7497.0,197.0,2024-01-01
827,Subaru,Japon,Hatchback,Gas,76,7607.0,MotorCenter Sur,Medellin,8756,9700.0,178.0,2026-01-01
828,Volkswagen,Alemania,Sedan,Diesel,48,8356.0,Autoplaza Norte,Bogota,5654,9689.0,186.0,2024-01-01
829,Toyota,Japon,Hatchback,Gas,91,11351.0,Primeauto Andino,Pereira,7738,10955.0,199.0,2026-01-01
830,Audi,Alemania,Sedan,Gas,105,15691.0,MotorCenter Sur,Medellin,10373,17699.0,127.0,2025-01-01
831,Mazda,Japon,Hatchback,Gas,70,6861.0,Carworld Pacifico,Cali,5187,7576.0,174.0,2025-01-01
832,Mazda,Japon,Hatchback,Gas,66,6387.0,Autoplaza Norte,Bogota,3544,6911.0,170.0,2025-01-01
833,Nissan,Japon,Sedan,Gas,70,7313.0,Velocity Motors,Bucaramanga,5363,8799.0,166.0,2025-01-01
834,Dodge,Estados Unidos,Hatchback,Gas,148,13189.0,Autoplaza Norte,Bogota,7807,14864.0,150.0,2026-01-01
835,Toyota,Japon,Hatchback,Gas,98,10116.0,Carworld Pacifico,Cali,6480,11337.0,199.0,2026-01-01
836,Toyota,Japon,Sedan,Gas,70,7660.0,Drivehub Caribe,Barranquilla,5058,8760.0,193.0,2025-01-01
837,Toyota,Japon,Hatchback,Gas,113,9673.0,Velocity Motors,Cali,8345,9870.0,201.0,2026-01-01
838,Honda,Japon,Sedan,Gas,82,11100.0,Carworld Pacifico,Cali,6739,10960.0,127.0,2024-01-01
839,Alfa-Romero,Italia,Hatchback,Gas,160,16344.0,Drivehub Caribe,Barranquilla,10182,21367.0,143.0,2026-01-01
840,Volkswagen,Alemania,Sedan,Gas,101,9634.0,Primeauto Andino,Pereira,5097,10265.0,190.0,2026-01-01
841,Mazda,Japon,Hatchback,Gas,82,11061.0,Carworld Pacifico,Cali,7231,11544.0,141.0,2026-01-01
842,Saab,Suecia,Sedan,Gas,110,16129.0,Velocity Motors,Bucaramanga,10304,17202.0,118.0,2026-01-01
843,Volkswagen,Alemania,Sedan,Gas,80,8498.0,Drivehub Caribe,Barranquilla,5218,9915.0,130.0,2026-01-01
844,Audi,Alemania,Wagon,Gas,111,17342.0,Drivehub Caribe,Barranquilla,14633,21823.0,135.0,2024-01-01
845,Alfa-Romero,Italia,Convertible,Gas,107,16798.0,Velocity Motors,Bucaramanga,9381,18916.0,137.0,2026-01-01
846,Alfa-Romero,Italia,Convertible,Gas,105,15218.0,Velocity Motors,Bucaramanga,9479,19917.0,141.0,2026-01-01
847,Honda,Japon,Hatchback,Gas,57,5677.0,MotorCenter Sur,Medellin,3905,5940.0,185.0,2025-01-01
848,Bmw,Alemania,Sedan,Gas,101,17025.0,Carworld Pacifico,Cali,10448,18164.0,169.0,2023-01-01
849,Toyota,Japon,Hardtop,Gas,119,9976.0,Autoplaza Norte,Bogota,6038,10051.0,141.0,2024-01-01
850,Plymouth,Estados Unidos,Hatchback,Gas,135,12361.0,Autoplaza Norte,Bogota,7205,15827.0,160.0,2024-01-01
851,Volvo,Suecia,Sedan,Gas,110,15930.0,MotorCenter Sur,Medellin,9562,18708.0,112.0,2026-01-01
852,Toyota,Japon,Sedan,Gas,115,9383.0,MotorCenter Sur,Medellin,5570,10951.0,191.0,2026-01-01
853,Volvo,Suecia,Wagon,Gas,115,16496.0,Velocity Motors,Bucaramanga,9473,19884.0,180.0,2026-01-01
854,Mazda,Japon,Hatchback,Gas,69,5118.0,Carworld Pacifico,Cali,3101,6334.0,205.0,2026-01-01
855,Mazda,Japon,Sedan,Gas,89,8520.0,Carworld Pacifico,Cali,5095,9348.0,155.0,2026-01-01
856,Toyota,Japon,Sedan,Diesel,74,11734.0,Carworld Pacifico,Cali,5920,11964.0,174.0,2026-01-01
857,Mazda,Japon,Hatchback,Gas,70,6993.0,Carworld Pacifico,Cali,5159,7441.0,204.0,2025-01-01
858,Bmw,Alemania,Sedan,Gas,132,21740.0,Drive Hub Caribe,Barranquilla,11231,24980.0,109.0,2026-01-01
859,Subaru,Japon,Hatchback,Gas,68,5269.0,Autoplaza Norte,Bogota,3077,5622.0,204.0,2024-01-01
860,Toyota,Japon,Hatchback,Gas,68,8665.0,MotorCenter Sur,Medellin,6046,8331.0,151.0,2026-01-01
861,Volvo,Suecia,Sedan,Gas,164,18297.0,Autoplaza Norte,Bogota,8774,22722.0,109.0,2026-01-01
862,Volkswagen,Alemania,Hatchback,Gas,91,9262.0,Velocity Motors,Bucaramanga,9050,10544.0,218.0,2025-01-01
863,Dodge,Estados Unidos,Sedan,Gas,67,6648.0,Primeauto Andino,Pereira,5134,7708.0,148.0,2026-01-01
864,Toyota,Japon,Hatchback,Diesel,54,8009.0,Velocity Motors,Bucaramanga,4512,8758.0,170.0,2025-01-01
865,Toyota,Japon,Sedan,Diesel,79,10335.0,Carworld Pacifico,Cali,5923,12050.0,155.0,2026-01-01
866,Subaru,Japon,Sedan,Gas,83,9176.0,MotorCenter Sur,Medellin,5256,9492.0,166.0,2025-01-01
867,Toyota,Japon,Hardtop,Gas,113,9406.0,Autoplaza Norte,Bogota,6132,9869.0,150.0,2024-01-01
868,Toyota,Japon,Convertible,Gas,120,18598.0,Carworld Pacifico,Cali,13392,19021.0,129.0,2026-01-01
869,Nissan,Japon,Sedan,Gas,69,7029.0,Velocity Motors,Bucaramanga,8271,7893.0,162.0,2025-01-01
870,Audi,Alemania,Sedan,Gas,139,24419.0,Drivehub Caribe,Barranquilla,14438,28047.0,86.0,2026-01-01
871,Nissan,Japon,Sedan,Gas,70,7458.0,Velocity Motors,Bucaramanga,5416,8373.0,172.0,2025-01-01
872,Honda,Japon,Sedan,Gas,96,12928.0,Autoplaza Norte,Bogota,8704,14142.0,194.0,2026-01-01
873,Dodge,Estados Unidos,Hatchback,Gas,105,8012.0,Carworld Pacifico,Cali,5495,8576.0,136.0,2024-01-01
874,Dodge,Estados Unidos,Sedan,Gas,73,7293.0,Velocity Motors,Bucaramanga,4734,8605.0,185.0,2026-01-01
875,Subaru,Japon,Sedan,Gas,83,8526.0,MotorCenter Sur,Medellin,4716,9542.0,196.0,2025-01-01
876,Nissan,Japon,Hatchback,Gas,158,17289.0,Autoplaza Norte,Bogota,9400,19956.0,93.0,2024-01-01
877,Peugot,Francia,Sedan,Gas,93,15757.0,Autoplaza Norte,Bogota,9424,17517.0,167.0,2026-01-01
878,Toyota,Japon,Wagon,Gas,61,7211.0,Primeauto Andino,Cali,3876,8130.0,155.0,2026-01-01
879,Peugot,Francia,Wagon,Gas,94,17613.0,Drivehub Caribe,Barranquilla,11157,20624.0,141.0,2026-01-01
880,Renault,Francia,Wagon,Gas,102,9806.0,Primeauto Andino,Pereira,5650,10445.0,154.0,2026-01-01
881,Chevrolet,Estados Unidos,Hatchback,Gas,50,5118.0,Primeauto Andino,Pereira,3134,6211.0,194.0,2026-01-01
882,Toyota,Japon,Hatchback,Gas,86,9865.0,Carworld Pacifico,Cali,6337,11211.0,211.0,2026-01-01
883,Nissan,Japon,Wagon,Gas,71,7473.0,MotorCenter Sur,Medellin,4602,8318.0,211.0,2026-01-01
884,Honda,Japon,Hatchback,Gas,59,5877.0,MotorCenter Sur,Medellin,3962,5622.0,203.0,2025-01-01
885,Toyota,Japon,Hardtop,Gas,118,8887.0,Primeauto Andino,Pereira,4752,9539.0,162.0,2026-01-01
886,Toyota,Japon,Hatchback,Gas,60,6586.0,Velocity Motors,Bucaramanga,4343,7471.0,182.0,2026-01-01
887,Bmw,Alemania,Sedan,Gas,106,16695.0,Carworld Pacifico,Cali,10594,17698.0,186.0,2023-01-01
888,Honda,Japon,Sedan,Gas,90,8572.0,Carworld Pacifico,Cali,6598,10143.0,207.0,2025-01-01
889,Audi,Alemania,Sedan,Gas,105,14335.0,Velocity Motors,Bucaramanga,8397,15768.0,168.0,2026-01-01
890,Mazda,Japon,Hatchback,Gas,96,13119.0,MotorCenter Sur,Medellin,8947,14032.0,189.0,2024-01-01
891,Dodge,Estados Unidos,Hatchback,Gas,70,5526.0,Velocity Motors,Bucaramanga,3290,6385.0,195.0,2024-01-01
892,Subaru,Japon,Wagon,Gas,83,7433.0,Carworld Pacifico,Cali,3964,7758.0,188.0,2026-01-01
893,Peugot,Francia,Sedan,Diesel,90,13936.0,Carworld Pacifico,Cali,9396,16570.0,109.0,2026-01-01
894,Volvo,Suecia,Sedan,Gas,160,18809.0,Carworld Pacifico,Cali,10830,22839.0,115.0,2026-01-01
895,Toyota,Japon,Wagon,Gas,63,7224.0,Velocity Motors,Bucaramanga,5770,7716.0,188.0,2023-01-01
896,Porsche,Alemania,Hatchback,Gas,106,22407.0,Primeauto Andino,Pereira,13315,24467.0,120.0,2026-01-01
897,Nissan,Japon,Hatchback,Gas,201,19217.0,Autoplaza Norte,Bogota,14609,21274.0,131.0,2023-01-01
898,Bmw,Alemania,Sedan,Gas,102,16950.0,Carworld Pacifico,Cali,10339,17516.0,159.0,2023-01-01
899,Bmw,Alemania,Sedan,Gas,191,30667.0,MotorCenter Sur,Medellin,20901,33811.0,79.0,2026-01-01
900,Porsche,Alemania,Hardtop,Gas,216,32216.0,Velocity Motors,Bucaramanga,22433,40358.0,66.0,2026-01-01
901,Alfa-Romero,Italia,Convertible,Gas,100,13868.0,Carworld Pacifico,Cali,8609,14359.0,135.0,2025-01-01
902,Audi,Alemania,Sedan,Gas,138,22594.0,Drivehub Caribe,Barranquilla,15352,28713.0,85.0,2026-01-01
903,Jaguar,Reino Unido,Sedan,Gas,175,31666.0,Velocity Motors,Bucaramanga,18639,37464.0,74.0,2024-01-01
904,Toyota,Japon,Wagon,Gas,146,16127.0,Autoplaza Norte,Bogota,9986,17952.0,153.0,2025-01-01
905,Nissan,Japon,Hatchback,Gas,69,7631.0,MotorCenter Sur,Medellin,5041,8874.0,199.0,2026-01-01
906,Subaru,Japon,Wagon,Gas,86,7043.0,Carworld Pacifico,Cali,4177,7999.0,170.0,2026-01-01
907,Mitsubishi,Japon,Sedan,Gas,85,7153.0,Carworld Pacifico,Cali,4767,8332.0,180.0,2025-01-01
908,Honda,Japon,Sedan,Gas,77,7582.0,Primeauto Andino,Pereira,4776,7861.0,171.0,2026-01-01
909,Mitsubishi,Japon,Hatchback,Gas,66,6179.0,Primeauto Andino,Pereira,3888,7334.0,187.0,2026-01-01
910,Chevrolet,Estados Unidos,Hatchback,Gas,68,5863.0,Motor Center Sur,Medellin,4050,7476.0,218.0,2024-01-01
911,Toyota,Japon,Sedan,Diesel,59,8093.0,Carworld Pacifico,Cali,4139,8875.0,182.0,2024-01-01
912,Honda,Japon,Hatchback,Gas,84,7436.0,Primeauto Andino,Pereira,4757,8725.0,159.0,2026-01-01
913,Mitsubishi,Japon,Hatchback,Gas,69,6741.0,Velocity Motors,Bucaramanga,4811,7254.0,160.0,2026-01-01
914,Volvo,Suecia,Sedan,Gas,107,16322.0,MotorCenter Sur,Medellin,9770,18728.0,112.0,2026-01-01
915,Plymouth,Estados Unidos,Sedan,Gas,72,6420.0,Autoplaza Norte,Bogota,4298,7498.0,218.0,2026-01-01
916,Nissan,Japon,Hatchback,Gas,70,7678.0,MotorCenter Sur,Medellin,4810,9015.0,188.0,2026-01-01
917,Peugot,Francia,Sedan,Diesel,94,16792.0,Drivehub Caribe,Cali,11061,18330.0,149.0,2026-01-01
918,Toyota,Japon,Hatchback,Gas,71,8170.0,Drivehub Caribe,Barranquilla,4809,8741.0,161.0,2026-01-01
919,Mazda,Japon,Sedan,Gas,65,7547.0,MotorCenter Sur,Medellin,4376,8031.0,212.0,2026-01-01
920,Renault,Francia,Hatchback,Gas,108,9741.0,Drivehub Caribe,Cali,6166,11080.0,133.0,2025-01-01
921,Toyota,Japon,Hatchback,Gas,159,16547.0,MotorCenter Sur,Medellin,9660,17827.0,159.0,2026-01-01
922,Plymouth,Estados Unidos,Hatchback,Gas,103,5627.0,MotorCenter Sur,Medellin,3280,5980.0,174.0,2023-01-01
923,Nissan,Japon,Sedan,Gas,68,6682.0,Velocity Motors,Bucaramanga,8860,8172.0,162.0,2025-01-01
924,Honda,Japon,Hatchback,Gas,57,6283.0,Drivehub Caribe,Barranquilla,8092,6984.0,210.0,2026-01-01
925,Mazda,Japon,Hatchback,Gas,70,6403.0,Carworld Pacifico,Cali,4851,7902.0,208.0,2025-01-01
926,Volvo,Suecia,Sedan,Gas,115,13072.0,Drivehub Caribe,Barranquilla,9230,13477.0,155.0,2026-01-01
927,Peugot,Francia,Sedan,Gas,97,15387.0,Autoplaza Norte,Bogota,10161,17894.0,168.0,2026-01-01
928,Mazda,Japon,Sedan,Diesel,64,9899.0,Carworld Pacifico,Cali,7920,12509.0,140.0,2025-01-01
929,Mitsubishi,Japon,Sedan,Gas,118,9105.0,Primeauto Andino,Pereira,6101,10383.0,151.0,2024-01-01
930,Plymouth,Estados Unidos,Hatchback,Gas,101,7706.0,Autoplaza Norte,Bogota,4753,9317.0,198.0,2026-01-01
931,Peugot,Francia,Sedan,Gas,102,16439.0,Autoplaza Norte,Bogota,8920,17658.0,185.0,2026-01-01
932,Subaru,Japon,Sedan,Gas,78,8683.0,MotorCenter Sur,Medellin,5233,10055.0,175.0,2025-01-01
933,Mazda,Japon,Sedan,Gas,71,7022.0,MotorCenter Sur,Medellin,4397,8183.0,208.0,2026-01-01
934,Saab,Suecia,Hatchback,Gas,115,15624.0,Drivehub Caribe,Barranquilla,10001,16679.0,171.0,2025-01-01
935,Nissan,Japon,Sedan,Gas,67,6965.0,Velocity Motors,Bucaramanga,4451,7483.0,175.0,2024-01-01
936,Volkswagen,Alemania,Wagon,Gas,95,11970.0,Primeauto Andino,Pereira,7862,13489.0,163.0,2026-01-01
937,Honda,Japon,Hatchback,Gas,62,5280.0,MotorCenter Sur,Medellin,4025,5907.0,213.0,2025-01-01
938,Honda,Japon,Hatchback,Gas,60,6619.0,Drivehub Caribe,Barranquilla,8586,7094.0,202.0,2026-01-01
939,Nissan,Japon,Hatchback,Gas,69,7164.0,MotorCenter Sur,Medellin,5181,9422.0,164.0,2026-01-01
940,Nissan,Japon,Hatchback,Gas,198,18416.0,Autoplaza Norte,Bogota,14757,22238.0,144.0,2023-01-01
941,Subaru,Japon,Sedan,Gas,81,7699.0,Drivehub Caribe,Barranquilla,5232,8686.0,171.0,2026-01-01
942,Mitsubishi,Japon,Hatchback,Gas,147,15275.0,Primeauto Andino,Pereira,10502,16411.0,134.0,2026-01-01
943,Volkswagen,Alemania,Sedan,Gas,109,9350.0,Primeauto Andino,Pereira,5216,10273.0,179.0,2026-01-01
944,Nissan,Japon,Hardtop,Gas,69,8278.0,Carworld Pacifico,Cali,6197,9358.0,215.0,2025-01-01
945,Dodge,Estados Unidos,Sedan,Gas,66,7911.0,Velocity Motors,Bucaramanga,4855,9153.0,176.0,2026-01-01
946,Dodge,Estados Unidos,Hatchback,Gas,70,6688.0,MotorCenter Sur,Medellin,4065,6701.0,203.0,2026-01-01
947,Volvo,Suecia,Wagon,Gas,167,18567.0,Drivehub Caribe,Barranquilla,11933,20512.0,116.0,2026-01-01
948,Dodge,Estados Unidos,Sedan,Gas,104,8553.0,Carworld Pacifico,Cali,6505,9724.0,218.0,2025-01-01
949,Volvo,Suecia,Sedan,Gas,117,13765.0,Drivehub Caribe,Barranquilla,9256,13015.0,209.0,2026-01-01
950,Mazda,Japon,Hatchback,Gas,134,14811.0,Velocity Motors,Cali,10728,17757.0,155.0,2026-01-01
951,Chevrolet,Estados Unidos,Hatchback,Gas,68,6521.0,Motor Center Sur,Medellin,4415,6999.0,200.0,2024-01-01
952,Mazda,Japon,Hatchback,Gas,81,10844.0,Velocity Motors,Bucaramanga,7009,12435.0,145.0,2026-01-01
953,Porsche,Alemania,Hardtop,Gas,195,32645.0,Velocity Motors,Bucaramanga,22340,38286.0,65.0,2026-01-01
954,Nissan,Japon,Sedan,Gas,70,5452.0,Autoplaza Norte,Bogota,3557,7035.0,167.0,2026-01-01
955,Toyota,Japon,Hatchback,Gas,70,8078.0,Drivehub Caribe,Barranquilla,5238,9332.0,178.0,2026-01-01
956,Porsche,Alemania,Hatchback,Gas,102,21260.0,Primeauto Andino,Pereira,12733,25454.0,114.0,2026-01-01
957,Mitsubishi,Japon,Hatchback,Gas,130,15013.0,MotorCenter Sur,Medellin,9300,16548.0,151.0,2026-01-01
958,Renault,Francia,Hatchback,Gas,99,10240.0,Drivehub Caribe,Cali,6021,10556.0,140.0,2025-01-01
959,Volvo,Suecia,Wagon,Gas,168,18864.0,Drivehub Caribe,Barranquilla,12508,20835.0,119.0,2026-01-01
960,Mitsubishi,Japon,Sedan,Gas,86,7006.0,Carworld Pacifico,Cali,5189,8253.0,184.0,2025-01-01
961,Honda,Japon,Hatchback,Gas,77,6992.0,Drivehub Caribe,Barranquilla,4732,6914.0,169.0,2026-01-01
962,Mitsubishi,Japon,Sedan,Gas,84,6751.0,Carworld Pacifico,Cali,4863,8147.0,195.0,2025-01-01
963,Toyota,Japon,Convertible,Gas,122,18126.0,Carworld Pacifico,Cali,12972,18084.0,123.0,2026-01-01
964,Isuzu,Japon,Hatchback,Gas,90,11365.0,Drivehub Caribe,Barranquilla,7999,12221.0,164.0,2024-01-01
965,Volvo,Suecia,Sedan,Gas,115,14119.0,Drivehub Caribe,Barranquilla,8902,13215.0,167.0,2026-01-01
966,Plymouth,Estados Unidos,Sedan,Gas,74,6604.0,Autoplaza Norte,Bogota,4147,7543.0,183.0,2026-01-01
967,Plymouth,Estados Unidos,Wagon,Gas,93,8778.0,MotorCenter Sur,Medellin,6791,10366.0,168.0,2026-01-01
968,Mazda,Japon,Sedan,Diesel,71,18838.0,Primeauto Andino,Pereira,12962,21747.0,139.0,2025-01-01
969,Volkswagen,Alemania,Convertible,Gas,88,11927.0,Carworld Pacifico,Cali,8534,13168.0,147.0,2026-01-01
970,Audi,Alemania,Wagon,Gas,109,18566.0,Drivehub Caribe,Barranquilla,13396,21953.0,133.0,2024-01-01
971,Mazda,Japon,Sedan,Diesel,65,10643.0,Carworld Pacifico,Cali,7978,12425.0,142.0,2025-01-01
972,Mitsubishi,Japon,Sedan,Gas,116,9455.0,Primeauto Andino,Pereira,6525,10520.0,165.0,2024-01-01
973,Nissan,Japon,Hardtop,Gas,68,8010.0,Carworld Pacifico,Cali,5783,9837.0,186.0,2025-01-01
974,Nissan,Japon,Hardtop,Gas,73,8130.0,Carworld Pacifico,Cali,5930,9899.0,191.0,2025-01-01
975,Honda,Japon,Hatchback,Gas,58,6499.0,Drivehub Caribe,Barranquilla,8292,7609.0,215.0,2026-01-01
976,Jaguar,Reino Unido,Sedan,Gas,190,36789.0,Autoplaza Norte,Bogota,23596,36719.0,49.0,2026-01-01
977,Chevrolet,Estados Unidos,Sedan,Gas,70,6436.0,Carworld Pacifico,Cali,3600,7460.0,218.0,2024-01-01
978,Plymouth,Estados Unidos,Hatchback,Gas,110,5213.0,MotorCenter Sur,Medellin,3337,6004.0,205.0,2023-01-01
979,Mercedes-Benz,Alemania,Sedan,Gas,186,38212.0,Primeauto Andino,Pereira,30504,48571.0,31.0,2026-01-01
980,Peugot,Francia,Sedan,Diesel,98,17159.0,Velocity Motors,Bucaramanga,11009,21023.0,176.0,2026-01-01
981,Plymouth,Estados Unidos,Sedan,Gas,66,6384.0,Autoplaza Norte,Bogota,4001,7419.0,207.0,2026-01-01
982,Subaru,Japon,Sedan,Gas,108,11198.0,MotorCenter Sur,Medellin,6760,12563.0,147.0,2026-01-01
983,Peugot,Francia,Sedan,Diesel,97,16197.0,Drivehub Caribe,Cali,10623,18231.0,134.0,2026-01-01
984,Saab,Suecia,Hatchback,Gas,114,14670.0,Drivehub Caribe,Barranquilla,10583,17355.0,142.0,2025-01-01
985,Plymouth,Estados Unidos,Sedan,Gas,68,6511.0,Autoplaza Norte,Bogota,4513,7573.0,218.0,2026-01-01
986,Saab,Suecia,Sedan,Gas,105,15271.0,Velocity Motors,Bucaramanga,10734,18144.0,132.0,2026-01-01
987,Porsche,Alemania,Hardtop,Gas,197,34034.0,Velocity Motors,Bucaramanga,20780,37369.0,67.0,2026-01-01
988,Mazda,Japon,Sedan,Diesel,68,18769.0,Primeauto Andino,Pereira,13868,22492.0,130.0,2025-01-01
989,Mazda,Japon,Hatchback,Gas,64,6799.0,Carworld Pacifico,Cali,5238,7350.0,204.0,2025-01-01
990,Toyota,Japon,Sedan,Gas,70,9109.0,Primeauto Andino,Pereira,6267,10195.0,134.0,2026-01-01
991,Mercedes-Benz,Alemania,Sedan,Gas,161,33666.0,MotorCenter Sur,Medellin,21119,35217.0,75.0,2025-01-01
992,Peugot,Francia,Wagon,Gas,95,16887.0,Drivehub Caribe,Barranquilla,11518,20509.0,148.0,2026-01-01
993,Honda,Japon,Sedan,Gas,79,10505.0,Carworld Pacifico,Cali,6606,11688.0,145.0,2024-01-01
994,Nissan,Japon,Sedan,Gas,69,5324.0,Autoplaza Norte,Bogota,3553,6438.0,185.0,2026-01-01
995,Peugot,Francia,Wagon,Gas,96,12456.0,Drivehub Caribe,Barranquilla,8888,13746.0,156.0,2023-01-01
996,Porsche,Alemania,Convertible,Gas,222,34395.0,Carworld Pacifico,Cali,20584,40562.0,23.0,2026-01-01
997,Peugot,Francia,Sedan,Diesel,90,13298.0,Carworld Pacifico,Cali,9517,15321.0,121.0,2026-01-01
998,Mercury,Estados Unidos,Hatchback,Gas,173,16943.0,MotorCenter Sur,Medellin,10487,20220.0,171.0,2024-01-01
999,Volvo,Suecia,Wagon,Gas,121,16353.0,Velocity Motors,Bucaramanga,9613,19460.0,146.0,2026-01-01
1000,Nissan,Japon,Hatchback,Gas,163,19569.0,Autoplaza Norte,Bogota,11642,21081.0,132.0,2025-01-01
