ID_Venta,Caballos_Fuerza,Precio_Catalogo_Original,Precio_Construccion,Precio_Publico,Cantidad_Vendida,Anio_Venta,ID_Pais_Origen_x,ID_Tipo_Carroceria,ID_Tipo_Combustible,ID_Marca,ID_Pais_Origen_y,ID_Sede,ID_Ciudad_Sede
1,50,5253.0,3298,6329.0,191.0,2026-01-01,1,1,1,1,1,1,1
2,56,7819.0,4792,9238.0,177.0,2025-01-01,2,1,2,2,2,2,2
3,112,15689.0,10232,18984.0,126.0,2026-01-01,3,2,1,3,3,2,2
4,69,6830.0,4425,7953.0,203.0,2024-01-01,2,2,1,4,2,2,2
5,55,6898.0,8511,7797.0,143.0,2025-01-01,2,2,2,4,2,1,1
6,89,11233.0,6965,13277.0,191.0,2025-01-01,2,2,1,2,2,1,1
7,49,5118.0,3504,6195.0,176.0,2026-01-01,1,1,1,1,1,1,1
8,80,9339.0,5460,9830.0,189.0,2025-01-01,2,2,1,5,2,4,4
9,103,13026.0,8459,13981.0,175.0,2026-01-01,2,2,1,6,2,5,5
10,73,6159.0,4328,7114.0,218.0,2024-01-01,1,1,1,1,1,6,4
11,96,13190.0,9356,15081.0,107.0,2026-01-01,4,2,2,7,4,7,3
12,113,16478.0,9831,19329.0,103.0,2026-01-01,3,2,1,8,3,4,4
13,63,6100.0,4222,7418.0,175.0,2026-01-01,2,1,1,2,2,2,2
14,69,6852.0,5201,7769.0,213.0,2024-01-01,2,2,1,2,2,8,6
15,85,7703.0,4795,9597.0,165.0,2025-01-01,2,3,1,5,2,8,6
16,66,8452.0,5121,9381.0,181.0,2026-01-01,2,1,1,2,2,8,6
17,158,17658.0,10940,21713.0,103.0,2025-01-01,2,1,1,4,2,5,5
18,63,7799.0,4700,8854.0,189.0,2026-01-01,1,2,1,9,1,2,2
19,110,16938.0,13711,19144.0,119.0,2026-01-01,2,4,1,2,2,7,3
20,72,7203.0,4849,8423.0,191.0,2026-01-01,2,3,1,4,2,4,4
21,157,13204.0,9582,15141.0,167.0,2025-01-01,2,2,1,4,2,2,2
22,66,6476.0,4099,7101.0,171.0,2026-01-01,2,1,1,10,2,1,1
23,81,7986.0,4976,8688.0,195.0,2026-01-01,2,1,1,6,2,1,1
24,81,9906.0,8909,10634.0,206.0,2025-01-01,5,1,1,11,5,2,2
25,69,8504.0,5309,9586.0,212.0,2026-01-01,2,1,1,2,2,8,6
26,119,11272.0,7400,13656.0,198.0,2026-01-01,3,2,1,3,3,5,5
27,147,14847.0,9384,16339.0,140.0,2026-01-01,2,1,1,10,2,4,4
28,102,10687.0,7109,11610.0,174.0,2023-01-01,2,1,1,2,2,2,2
29,97,16978.0,11043,17957.0,143.0,2026-01-01,4,2,2,7,4,8,6
30,65,6865.0,8365,7891.0,159.0,2025-01-01,2,2,1,4,2,2,2
31,68,7490.0,5041,8081.0,214.0,2026-01-01,2,3,1,4,2,4,4
32,177,36664.0,23579,36714.0,63.0,2026-01-01,6,2,1,12,6,5,5
33,70,5855.0,4327,7709.0,183.0,2024-01-01,1,1,1,1,1,6,4
34,98,16070.0,12794,19401.0,149.0,2025-01-01,4,3,2,7,4,5,5
35,53,7832.0,5237,8974.0,188.0,2024-01-01,5,2,2,11,5,1,1
36,124,20577.0,13069,24117.0,143.0,2026-01-01,5,2,1,13,5,1,1
37,90,11398.0,7288,12918.0,166.0,2025-01-01,2,2,1,2,2,1,1
38,120,11075.0,6595,12219.0,178.0,2026-01-01,2,5,1,2,2,1,1
39,143,14586.0,10686,18199.0,152.0,2026-01-01,2,1,1,14,2,2,2
40,100,8882.0,5618,10055.0,146.0,2026-01-01,4,3,1,15,4,1,1
41,74,6443.0,4499,7538.0,205.0,2026-01-01,2,1,1,6,2,7,3
42,73,6881.0,4973,7315.0,206.0,2024-01-01,2,2,1,2,2,8,6
43,81,9172.0,4881,9255.0,184.0,2025-01-01,2,2,1,5,2,4,4
44,193,44726.0,29373,48473.0,1.0,2023-01-01,5,5,1,16,5,1,1
45,119,25493.0,17024,29306.0,98.0,2026-01-01,5,2,1,13,5,2,2
46,170,19745.0,11689,21851.0,113.0,2026-01-01,3,3,1,8,3,8,6
47,69,6808.0,8434,7393.0,164.0,2025-01-01,2,2,1,4,2,2,2
48,86,7379.0,4649,8466.0,193.0,2026-01-01,5,2,1,11,5,5,5
49,77,7767.0,8383,9003.0,204.0,2026-01-01,2,1,1,5,2,4,4
50,69,7888.0,5291,9045.0,195.0,2025-01-01,2,2,1,2,2,8,6
51,68,7013.0,5105,7348.0,213.0,2024-01-01,2,2,1,2,2,8,6
52,85,10649.0,6537,11855.0,172.0,2024-01-01,2,2,1,6,2,7,3
53,69,5169.0,3505,6282.0,168.0,2023-01-01,2,1,1,10,2,7,3
54,65,8026.0,4621,8960.0,202.0,2026-01-01,2,2,1,4,2,5,5
55,155,13046.0,9847,13794.0,159.0,2025-01-01,2,2,1,4,2,2,2
56,137,24501.0,13969,29171.0,83.0,2026-01-01,5,2,1,17,5,8,6
57,99,15902.0,10529,18415.0,139.0,2026-01-01,4,2,2,7,4,8,6
58,55,5223.0,3980,6020.0,180.0,2025-01-01,2,1,1,6,2,4,4
59,60,7285.0,4108,8024.0,169.0,2026-01-01,2,3,1,2,2,1,1
60,77,7061.0,3993,8517.0,204.0,2023-01-01,2,2,1,5,2,1,1
61,87,11936.0,8667,13327.0,148.0,2026-01-01,5,4,1,11,5,7,3
62,63,6975.0,3974,8214.0,136.0,2026-01-01,2,3,1,2,2,1,1
63,68,5369.0,3583,6294.0,176.0,2023-01-01,2,1,1,10,2,7,3
64,161,19299.0,8532,21660.0,112.0,2026-01-01,3,2,1,8,3,5,5
65,88,6931.0,4769,7973.0,184.0,2025-01-01,2,2,1,10,2,7,3
66,124,26487.0,19755,33070.0,68.0,2026-01-01,5,3,2,16,5,7,3
67,82,8256.0,5439,10238.0,153.0,2026-01-01,5,2,1,11,5,8,6
68,70,6308.0,3719,6761.0,193.0,2026-01-01,2,1,1,10,2,1,1
69,186,41887.0,8695,48136.0,32.0,2024-01-01,5,2,1,13,5,7,3
70,70,7560.0,5112,9194.0,213.0,2026-01-01,2,3,1,4,2,7,3
71,71,7854.0,4852,8527.0,188.0,2025-01-01,2,2,1,2,2,7,3
72,87,8665.0,6430,10561.0,196.0,2025-01-01,2,2,1,6,2,7,3
73,74,7403.0,4310,8289.0,208.0,2026-01-01,2,2,1,4,2,5,5
74,102,8146.0,6187,10107.0,218.0,2025-01-01,1,2,1,9,1,7,3
75,81,6969.0,3875,8390.0,212.0,2023-01-01,2,2,1,5,2,1,1
76,67,8039.0,5227,9627.0,209.0,2025-01-01,2,5,1,4,2,7,3
77,119,28937.0,19833,31285.0,94.0,2025-01-01,5,5,2,16,5,4,4
78,168,36557.0,24577,38300.0,61.0,2026-01-01,6,2,1,12,6,5,5
79,92,17858.0,11542,20146.0,151.0,2026-01-01,4,2,2,7,4,2,2
80,69,5118.0,3116,5763.0,197.0,2024-01-01,2,1,1,5,2,5,5
81,89,12350.0,7843,12981.0,146.0,2026-01-01,5,3,1,11,5,1,1
82,55,6896.0,8942,7183.0,155.0,2025-01-01,2,2,2,4,2,1,1
83,74,6267.0,4254,7182.0,158.0,2025-01-01,2,1,1,6,2,7,3
84,120,11169.0,6923,12954.0,156.0,2026-01-01,2,1,1,2,2,7,3
85,106,9088.0,5474,10923.0,162.0,2026-01-01,4,3,1,15,4,1,1
86,82,8857.0,5246,10045.0,138.0,2025-01-01,2,2,1,5,2,4,4
87,68,6612.0,3780,7217.0,216.0,2024-01-01,1,2,1,1,1,7,3
88,122,18747.0,12458,20577.0,168.0,2026-01-01,2,2,1,14,2,8,6
89,56,7459.0,4477,8747.0,212.0,2024-01-01,2,2,2,2,2,7,3
90,110,11559.0,7189,12671.0,149.0,2026-01-01,2,1,1,2,2,7,3
91,55,7044.0,8737,7719.0,171.0,2025-01-01,2,2,2,4,2,1,1
92,113,9409.0,6272,10527.0,191.0,2026-01-01,2,2,1,2,2,4,4
93,100,8944.0,6240,10631.0,183.0,2025-01-01,2,2,1,2,2,11,3
94,117,9452.0,5499,10368.0,195.0,2025-01-01,2,1,1,10,2,4,4
95,49,7642.0,5939,8940.0,173.0,2024-01-01,5,2,2,11,5,5,5
96,88,8504.0,4999,9751.0,157.0,2026-01-01,2,2,1,14,2,7,3
97,71,6314.0,3446,6946.0,132.0,2025-01-01,2,1,1,14,2,5,5
98,81,6574.0,4101,8630.0,181.0,2023-01-01,2,2,1,5,2,1,1
99,105,10015.0,6373,10579.0,144.0,2025-01-01,4,1,1,15,4,8,6
100,133,13504.0,7260,15215.0,146.0,2026-01-01,1,1,1,9,1,5,5
101,111,11487.0,6885,13246.0,160.0,2026-01-01,2,1,1,2,2,7,3
102,100,13194.0,8434,14137.0,182.0,2026-01-01,2,2,1,6,2,5,5
103,108,9069.0,6035,10373.0,205.0,2026-01-01,2,2,1,2,2,4,4
104,106,16431.0,9439,19422.0,118.0,2026-01-01,7,4,1,18,7,2,2
105,75,7771.0,6334,9609.0,155.0,2026-01-01,2,1,1,2,2,4,4
106,67,8498.0,6644,9728.0,143.0,2026-01-01,2,2,1,2,2,1,1
107,68,7993.0,5338,8637.0,204.0,2025-01-01,2,2,1,2,2,8,6
108,161,17978.0,11932,20513.0,102.0,2025-01-01,3,2,1,3,3,8,6
109,73,7871.0,5550,9258.0,190.0,2026-01-01,2,3,1,4,2,7,3
110,106,10713.0,6879,12082.0,172.0,2026-01-01,2,2,1,5,2,4,4
111,136,14873.0,12226,18629.0,198.0,2026-01-01,2,1,1,14,2,2,2
112,74,7691.0,5171,9117.0,185.0,2025-01-01,2,2,1,2,2,8,6
113,90,16639.0,13057,19463.0,145.0,2025-01-01,4,3,2,7,4,5,5
114,66,7902.0,4687,8875.0,193.0,2026-01-01,2,1,1,4,2,4,4
115,158,17471.0,9332,21074.0,118.0,2024-01-01,2,1,1,4,2,5,5
116,139,18354.0,11139,19440.0,122.0,2024-01-01,4,2,1,7,4,4,4
117,113,19078.0,14323,22109.0,139.0,2024-01-01,5,3,1,17,5,8,6
118,146,13680.0,7017,13955.0,164.0,2026-01-01,1,1,1,9,1,5,5
119,64,6541.0,5256,7936.0,218.0,2025-01-01,2,1,1,14,2,7,3
120,69,6217.0,3936,6887.0,218.0,2026-01-01,1,1,1,9,1,4,4
121,68,6913.0,4660,8370.0,203.0,2024-01-01,2,2,1,4,2,2,2
122,72,5345.0,3077,5622.0,186.0,2024-01-01,2,1,1,5,2,5,5
123,108,14738.0,10318,19078.0,130.0,2026-01-01,3,2,1,3,3,2,2
124,67,7912.0,5655,9462.0,195.0,2026-01-01,2,3,1,4,2,7,3
125,94,10463.0,6092,11678.0,186.0,2026-01-01,2,1,1,2,2,7,3
126,98,18269.0,10589,19550.0,154.0,2026-01-01,4,2,2,7,4,2,2
127,185,41597.0,8486,49622.0,38.0,2024-01-01,5,2,1,13,5,7,3
128,66,7143.0,4444,8138.0,175.0,2026-01-01,2,1,1,2,2,2,2
129,106,5497.0,3207,6119.0,188.0,2023-01-01,1,1,1,19,1,4,4
130,100,9995.0,5726,11350.0,137.0,2025-01-01,4,1,1,15,4,8,6
131,96,17791.0,11286,20190.0,195.0,2026-01-01,4,2,2,7,4,2,2
132,90,17050.0,12470,18773.0,143.0,2025-01-01,4,3,2,7,4,5,5
133,71,6312.0,4150,7308.0,185.0,2024-01-01,1,1,1,1,1,6,4
134,94,16235.0,8786,17211.0,107.0,2026-01-01,4,2,1,7,4,12,6
135,67,8208.0,4754,9164.0,218.0,2025-01-01,2,2,1,2,2,7,3
136,86,12392.0,7092,12718.0,123.0,2026-01-01,2,1,1,14,2,2,2
137,146,11970.0,7434,14506.0,143.0,2024-01-01,1,1,1,19,1,5,5
138,108,17911.0,9988,18951.0,157.0,2026-01-01,5,2,1,17,5,8,6
139,163,34123.0,27373,41460.0,46.0,2025-01-01,5,4,1,16,5,1,1
140,54,7242.0,8341,7599.0,138.0,2025-01-01,2,2,2,4,2,1,1
141,160,19076.0,10574,21673.0,114.0,2026-01-01,3,2,1,8,3,7,3
142,91,11343.0,8115,11801.0,151.0,2024-01-01,2,1,1,20,2,8,6
143,132,16289.0,11451,18445.0,188.0,2026-01-01,2,1,1,14,2,2,2
144,89,7036.0,4758,8140.0,211.0,2025-01-01,2,2,1,10,2,7,3
145,104,23360.0,16669,26133.0,121.0,2024-01-01,3,2,2,8,3,1,1
146,91,9168.0,6588,11376.0,175.0,2026-01-01,2,1,1,2,2,7,3
147,115,18696.0,10792,18116.0,137.0,2026-01-01,5,2,1,17,5,8,6
148,66,5263.0,3077,6476.0,177.0,2026-01-01,2,1,1,14,2,7,3
149,95,10366.0,6881,11644.0,172.0,2023-01-01,2,1,1,2,2,2,2
150,128,20075.0,11709,25590.0,91.0,2026-01-01,5,2,1,13,5,12,6
151,100,9698.0,6073,11831.0,160.0,2026-01-01,2,1,1,2,2,7,3
152,83,8890.0,5189,10200.0,169.0,2025-01-01,2,1,1,14,2,4,4
153,93,9989.0,5864,11686.0,180.0,2026-01-01,5,2,1,11,5,5,5
154,83,10347.0,7664,11731.0,157.0,2025-01-01,2,2,1,14,2,11,3
155,54,7368.0,8906,7174.0,137.0,2025-01-01,2,2,2,4,2,1,1
156,159,17470.0,11668,20909.0,88.0,2025-01-01,3,2,1,3,3,8,6
157,65,7868.0,4756,9343.0,170.0,2026-01-01,1,2,1,9,1,2,2
158,97,17080.0,13035,19321.0,142.0,2025-01-01,4,3,2,7,4,5,5
159,163,17076.0,9412,18470.0,105.0,2024-01-01,2,1,1,4,2,5,5
160,66,7928.0,5249,8569.0,211.0,2026-01-01,2,1,1,2,2,8,6
161,117,23023.0,13196,25877.0,121.0,2026-01-01,3,2,1,8,3,5,5
162,171,17047.0,11404,21037.0,126.0,2025-01-01,3,2,1,3,3,8,6
163,89,7148.0,4690,7973.0,184.0,2025-01-01,2,2,1,10,2,7,3
164,143,13732.0,10638,17104.0,136.0,2026-01-01,2,1,1,10,2,1,1
165,115,9296.0,6077,10468.0,135.0,2024-01-01,2,2,1,10,2,1,1
166,118,8414.0,5261,9686.0,139.0,2026-01-01,2,5,1,2,2,1,1
167,116,26598.0,18496,28338.0,73.0,2026-01-01,5,2,2,16,5,5,5
168,76,7084.0,4278,7887.0,203.0,2026-01-01,2,1,1,6,2,7,3
169,121,30832.0,22813,33715.0,76.0,2025-01-01,5,2,2,16,5,7,3
170,122,17141.0,11583,20517.0,75.0,2026-01-01,5,2,1,17,5,2,2
171,68,6661.0,3563,7410.0,190.0,2026-01-01,1,1,1,9,1,5,5
172,74,6413.0,4397,7651.0,202.0,2024-01-01,1,1,1,1,1,6,4
173,54,7683.0,4618,9158.0,165.0,2025-01-01,2,1,2,2,2,2,2
174,113,11597.0,7780,13796.0,170.0,2026-01-01,2,3,1,5,2,5,5
175,83,8727.0,5102,9918.0,182.0,2025-01-01,2,2,1,5,2,4,4
176,67,7905.0,5014,8921.0,169.0,2026-01-01,2,1,1,4,2,4,4
177,83,7519.0,4303,10255.0,186.0,2025-01-01,2,3,1,5,2,8,6
178,79,6701.0,3992,6996.0,153.0,2025-01-01,2,1,1,6,2,7,3
179,84,8232.0,5314,9069.0,166.0,2026-01-01,5,2,1,11,5,5,5
180,143,14627.0,9164,14479.0,134.0,2025-01-01,2,2,1,4,2,2,2
181,68,13312.0,9203,15024.0,111.0,2024-01-01,5,2,2,11,5,8,6
182,74,6830.0,4667,7367.0,198.0,2026-01-01,2,1,1,6,2,8,6
183,150,15305.0,9089,17233.0,147.0,2023-01-01,2,3,1,4,2,2,2
184,94,10375.0,5778,11429.0,197.0,2026-01-01,2,2,1,5,2,5,5
185,143,14048.0,9607,16101.0,167.0,2023-01-01,2,3,1,4,2,2,2
186,65,6903.0,8426,7755.0,179.0,2025-01-01,2,2,1,4,2,2,2
187,77,7129.0,4195,7237.0,213.0,2026-01-01,2,1,1,6,2,7,3
188,100,7765.0,4496,7674.0,215.0,2026-01-01,2,1,1,10,2,4,4
189,62,5118.0,3077,6239.0,176.0,2026-01-01,2,1,1,14,2,7,3
190,66,10761.0,7974,12747.0,122.0,2025-01-01,2,2,2,14,2,7,3
191,83,6727.0,4124,8621.0,181.0,2023-01-01,2,2,1,5,2,1,1
192,101,9339.0,5569,10523.0,167.0,2026-01-01,4,3,1,15,4,1,1
193,99,22365.0,13251,24088.0,121.0,2026-01-01,5,1,1,21,5,1,1
194,180,16372.0,10000,18759.0,164.0,2024-01-01,1,1,1,22,1,4,4
195,115,15081.0,10737,19313.0,166.0,2025-01-01,3,2,1,8,3,1,1
196,52,5329.0,3589,5913.0,198.0,2026-01-01,1,1,1,1,1,1,1
197,157,34620.0,21726,36940.0,83.0,2025-01-01,5,2,1,16,5,4,4
198,69,6071.0,3763,6501.0,199.0,2026-01-01,1,1,1,9,1,4,4
199,154,33848.0,21685,36268.0,71.0,2025-01-01,5,2,1,16,5,4,4
200,117,15648.0,10022,18772.0,180.0,2026-01-01,3,3,1,8,3,2,2
201,69,5196.0,3460,6328.0,193.0,2023-01-01,2,1,1,10,2,7,3
202,89,8335.0,5257,9922.0,132.0,2026-01-01,5,2,1,11,5,8,6
203,149,15018.0,9336,16778.0,148.0,2023-01-01,2,3,1,4,2,2,2
204,81,9026.0,4938,9439.0,173.0,2025-01-01,2,2,1,5,2,4,4
205,68,7463.0,5363,8806.0,158.0,2025-01-01,2,2,1,4,2,2,2
206,106,11622.0,8261,12126.0,144.0,2024-01-01,2,1,1,14,2,5,5
207,74,7260.0,4283,8038.0,170.0,2026-01-01,2,1,1,2,2,2,2
208,159,18329.0,8930,23874.0,105.0,2026-01-01,3,2,1,8,3,5,5
209,99,11279.0,7653,13293.0,151.0,2024-01-01,2,1,1,14,2,4,4
210,71,7593.0,4859,8792.0,198.0,2025-01-01,2,2,1,2,2,8,6
211,100,10343.0,7905,12655.0,162.0,2024-01-01,2,1,1,14,2,4,4
212,85,7625.0,4441,8959.0,189.0,2025-01-01,2,3,1,5,2,8,6
213,64,9086.0,6540,9623.0,129.0,2026-01-01,2,2,1,2,2,1,1
214,67,7028.0,4990,8876.0,215.0,2026-01-01,2,3,1,4,2,4,4
215,60,6581.0,4127,7490.0,197.0,2026-01-01,2,1,1,2,2,7,3
216,93,13423.0,9184,14476.0,188.0,2024-01-01,2,1,1,14,2,4,4
217,176,44749.0,8589,46923.0,34.0,2024-01-01,5,2,1,13,5,7,3
218,68,6175.0,3774,7251.0,218.0,2024-01-01,1,2,1,1,1,7,3
219,69,6898.0,8287,7419.0,162.0,2025-01-01,2,2,1,4,2,2,2
220,88,7871.0,5389,9052.0,191.0,2026-01-01,5,2,1,11,5,5,5
221,67,7478.0,4605,8647.0,178.0,2026-01-01,1,2,1,9,1,2,2
222,67,7335.0,5493,8498.0,144.0,2025-01-01,2,2,1,4,2,2,2
223,111,10343.0,7380,11772.0,164.0,2026-01-01,2,2,1,5,2,4,4
224,105,13052.0,8522,14356.0,190.0,2026-01-01,2,2,1,6,2,5,5
225,107,12473.0,7738,13391.0,176.0,2026-01-01,2,3,1,5,2,5,5
226,81,11067.0,7193,12133.0,164.0,2026-01-01,2,1,1,14,2,2,2
227,114,9625.0,7689,10271.0,177.0,2026-01-01,2,1,1,2,2,2,2
228,101,8242.0,5203,8829.0,174.0,2026-01-01,1,1,1,19,1,5,5
229,97,16803.0,11119,18452.0,142.0,2026-01-01,4,2,2,7,4,8,6
230,76,7147.0,5184,8160.0,165.0,2026-01-01,2,3,1,6,2,1,1
231,71,6902.0,4764,9021.0,193.0,2026-01-01,2,2,1,4,2,5,5
232,89,11142.0,6921,12878.0,183.0,2025-01-01,2,2,1,2,2,1,1
233,102,13895.0,8027,15415.0,137.0,2026-01-01,5,2,1,17,5,2,2
234,69,6692.0,4985,7194.0,198.0,2024-01-01,2,2,1,2,2,8,6
235,146,14463.0,9590,16532.0,176.0,2023-01-01,2,3,1,4,2,2,2
236,78,7849.0,4469,9870.0,198.0,2025-01-01,2,3,1,5,2,8,6
237,164,18276.0,11871,21433.0,115.0,2025-01-01,3,2,1,3,3,8,6
238,68,5616.0,3859,6700.0,185.0,2026-01-01,2,2,1,4,2,5,5
239,116,17424.0,12794,20429.0,162.0,2026-01-01,2,2,1,14,2,8,6
240,103,9636.0,5696,10335.0,125.0,2026-01-01,4,3,1,15,4,1,1
241,151,12330.0,7861,15242.0,139.0,2026-01-01,1,1,1,9,1,5,5
242,63,6085.0,3654,6999.0,172.0,2026-01-01,1,1,1,19,1,11,3
243,66,7018.0,3746,7771.0,207.0,2024-01-01,1,2,1,1,1,7,3
244,106,15633.0,10191,16717.0,157.0,2025-01-01,3,1,1,3,3,8,6
245,109,9327.0,5588,10819.0,174.0,2026-01-01,4,3,1,15,4,1,1
246,184,35666.0,8275,44297.0,35.0,2026-01-01,5,2,1,13,5,1,1
247,72,6809.0,4980,7560.0,190.0,2024-01-01,2,2,1,2,2,8,6
248,84,8210.0,9096,8824.0,162.0,2026-01-01,2,2,1,10,2,1,1
249,67,9270.0,6332,10177.0,133.0,2026-01-01,2,2,1,2,2,1,1
250,142,23799.0,13815,27517.0,89.0,2026-01-01,5,2,1,17,5,8,6
251,86,7886.0,4670,9289.0,179.0,2026-01-01,2,1,1,6,2,1,1
252,155,14291.0,10145,18742.0,184.0,2023-01-01,2,3,1,4,2,2,2
253,103,8636.0,5093,9944.0,116.0,2024-01-01,2,1,1,6,2,8,6
254,124,27667.0,19250,30920.0,88.0,2025-01-01,5,5,2,16,5,4,4
255,161,18731.0,10903,21381.0,161.0,2025-01-01,3,1,1,3,3,1,1
256,60,6169.0,8263,6884.0,193.0,2026-01-01,2,1,1,6,2,8,6
257,75,7553.0,8475,9527.0,196.0,2026-01-01,2,1,1,5,2,4,4
258,64,5412.0,3776,6366.0,202.0,2024-01-01,1,1,1,9,1,2,2
259,70,7323.0,5446,7895.0,159.0,2026-01-01,2,3,1,6,2,1,1
260,70,6601.0,4083,7020.0,205.0,2026-01-01,1,2,1,19,1,5,5
261,73,8475.0,4980,8660.0,197.0,2025-01-01,2,2,1,2,2,7,3
262,73,7424.0,4903,7838.0,183.0,2026-01-01,2,2,1,6,2,1,1
263,60,10299.0,7302,12810.0,152.0,2025-01-01,2,2,2,14,2,7,3
264,90,11867.0,8850,14455.0,143.0,2026-01-01,5,4,1,11,5,7,3
265,138,20902.0,13689,23472.0,131.0,2023-01-01,3,2,1,8,3,8,6
266,108,7796.0,5338,8355.0,197.0,2026-01-01,1,1,1,19,1,5,5
267,70,6924.0,8405,7996.0,146.0,2025-01-01,2,2,1,4,2,2,2
268,153,34453.0,25721,40784.0,40.0,2025-01-01,5,4,1,16,5,1,1
269,201,33544.0,22841,39504.0,52.0,2026-01-01,5,5,1,21,5,2,2
270,68,6511.0,4267,7360.0,218.0,2026-01-01,1,2,1,19,1,5,5
271,83,10023.0,7268,11541.0,156.0,2025-01-01,2,2,1,14,2,11,3
272,111,17049.0,11346,19417.0,84.0,2026-01-01,5,2,1,17,5,2,2
273,81,6719.0,4743,7677.0,167.0,2026-01-01,2,1,1,6,2,8,6
274,121,16600.0,11001,17921.0,171.0,2025-01-01,3,2,1,8,3,1,1
275,121,9483.0,5854,10847.0,138.0,2024-01-01,2,2,1,10,2,1,1
276,94,9485.0,6614,9899.0,152.0,2026-01-01,2,1,1,4,2,7,3
277,71,8094.0,4703,8423.0,216.0,2026-01-01,2,2,1,4,2,5,5
278,72,8056.0,5278,9189.0,173.0,2026-01-01,2,1,1,2,2,8,6
279,123,24626.0,17134,26044.0,103.0,2026-01-01,5,2,1,13,5,2,2
280,190,35362.0,8338,43263.0,37.0,2026-01-01,5,2,1,13,5,1,1
281,138,15219.0,10724,18263.0,216.0,2026-01-01,2,1,1,14,2,2,2
282,100,9338.0,5586,10455.0,158.0,2026-01-01,2,2,1,4,2,2,2
283,71,5118.0,3173,5738.0,211.0,2024-01-01,2,1,1,5,2,5,5
284,154,13002.0,8606,14943.0,171.0,2026-01-01,2,2,1,4,2,5,5
285,65,6615.0,4333,8033.0,208.0,2024-01-01,2,2,1,4,2,2,2
286,68,13255.0,8833,15294.0,105.0,2024-01-01,5,2,2,11,5,8,6
287,75,6721.0,4263,7338.0,175.0,2025-01-01,2,1,1,6,2,7,3
288,136,17567.0,10985,20376.0,111.0,2024-01-01,4,2,1,7,4,4,4
289,101,17112.0,9859,18208.0,190.0,2026-01-01,4,2,1,7,4,5,5
290,73,8119.0,5832,9550.0,206.0,2025-01-01,2,5,1,4,2,7,3
291,117,9562.0,8718,9588.0,143.0,2026-01-01,2,1,1,2,2,2,2
292,105,11308.0,8727,12850.0,156.0,2024-01-01,2,1,1,14,2,5,5
293,119,14216.0,7463,15774.0,189.0,2025-01-01,3,3,1,8,3,5,5
294,123,29280.0,18979,32020.0,89.0,2025-01-01,5,5,2,16,5,4,4
295,96,17076.0,12192,18022.0,144.0,2026-01-01,4,2,2,7,4,8,6
296,93,11339.0,7350,13591.0,143.0,2026-01-01,4,2,1,7,4,5,5
297,74,10777.0,5875,12093.0,147.0,2026-01-01,2,2,2,2,2,7,3
298,69,6388.0,4513,7698.0,201.0,2024-01-01,2,2,1,4,2,2,2
299,80,8930.0,4964,9000.0,169.0,2026-01-01,2,2,1,14,2,7,3
300,115,17944.0,12661,19796.0,79.0,2026-01-01,5,2,1,17,5,2,2
301,68,5407.0,3406,5804.0,210.0,2023-01-01,2,1,1,10,2,7,3
302,123,10244.0,6582,11810.0,170.0,2026-01-01,2,5,1,2,2,1,1
303,107,15932.0,9636,20123.0,124.0,2026-01-01,7,4,1,18,7,2,2
304,52,8187.0,5940,10188.0,169.0,2024-01-01,5,2,2,11,5,5,5
305,96,17617.0,11200,17840.0,119.0,2026-01-01,4,2,2,7,4,8,6
306,145,13467.0,7524,14707.0,134.0,2026-01-01,1,1,1,9,1,5,5
307,64,10193.0,7771,12552.0,153.0,2025-01-01,2,2,2,14,2,7,3
308,91,17255.0,12482,20357.0,171.0,2025-01-01,4,3,2,7,4,5,5
309,72,18996.0,13003,20373.0,132.0,2025-01-01,2,2,2,14,2,1,1
310,66,6007.0,4014,7221.0,152.0,2026-01-01,1,1,1,9,1,5,5
311,153,18615.0,11759,22248.0,89.0,2025-01-01,3,2,1,3,3,8,6
312,74,7121.0,4612,7354.0,196.0,2025-01-01,2,1,1,5,2,2,2
313,69,6163.0,3940,6829.0,213.0,2026-01-01,1,1,1,9,1,4,4
314,79,8272.0,5399,9898.0,199.0,2025-01-01,2,1,1,14,2,4,4
315,68,6718.0,5192,7521.0,177.0,2025-01-01,2,1,1,14,2,7,3
316,166,17942.0,11276,20458.0,166.0,2025-01-01,3,1,1,3,3,1,1
317,64,5320.0,3379,5705.0,194.0,2025-01-01,2,1,1,2,2,7,3
318,64,5243.0,3478,6098.0,175.0,2025-01-01,2,1,1,2,2,7,3
319,68,13630.0,9222,14789.0,110.0,2024-01-01,5,2,2,11,5,8,6
320,54,7887.0,4365,8399.0,205.0,2024-01-01,2,2,2,2,2,7,3
321,118,25948.0,19474,27980.0,81.0,2026-01-01,5,2,2,16,5,5,5
322,69,6309.0,3933,7287.0,176.0,2026-01-01,1,1,1,9,1,5,5
323,210,32062.0,21492,38184.0,65.0,2026-01-01,5,5,1,21,5,2,2
324,105,10027.0,5687,12142.0,192.0,2026-01-01,5,2,1,11,5,5,5
325,118,15712.0,9610,17728.0,97.0,2026-01-01,3,2,1,8,3,4,4
326,261,36601.0,26309,38891.0,67.0,2025-01-01,6,2,1,12,6,4,4
327,65,5195.0,3077,6244.0,179.0,2026-01-01,2,1,1,14,2,7,3
328,109,18946.0,14319,22482.0,129.0,2024-01-01,5,3,1,17,5,8,6
329,146,13400.0,7159,15089.0,149.0,2026-01-01,1,1,1,9,1,5,5
330,94,15908.0,12456,19341.0,149.0,2025-01-01,4,3,2,7,4,5,5
331,93,15732.0,11021,18434.0,132.0,2026-01-01,4,2,2,7,4,8,6
332,69,6248.0,3901,6818.0,191.0,2026-01-01,2,1,1,10,2,1,1
333,118,18275.0,13052,20056.0,159.0,2026-01-01,2,2,1,14,2,8,6
334,113,11266.0,6471,12705.0,185.0,2026-01-01,2,5,1,2,2,1,1
335,70,7673.0,4874,8764.0,148.0,2026-01-01,2,1,1,4,2,4,4
336,110,9760.0,8108,10039.0,209.0,2026-01-01,2,1,1,2,2,2,2
337,115,17054.0,9869,19321.0,157.0,2026-01-01,3,3,1,8,3,2,2
338,73,18655.0,13559,21863.0,132.0,2025-01-01,2,2,2,14,2,1,1
339,97,12827.0,8710,13950.0,160.0,2026-01-01,2,2,1,6,2,5,5
340,112,12425.0,7101,15997.0,173.0,2025-01-01,3,3,1,8,3,5,5
341,109,10161.0,6145,11578.0,129.0,2025-01-01,4,1,1,15,4,8,6
342,81,11048.0,7484,11478.0,180.0,2026-01-01,2,1,1,14,2,7,3
343,192,34796.0,20392,38917.0,64.0,2023-01-01,5,5,1,21,5,8,6
344,150,17833.0,11853,20682.0,133.0,2025-01-01,2,1,1,4,2,5,5
345,85,8695.0,5059,9787.0,132.0,2026-01-01,5,2,1,11,5,8,6
346,68,7618.0,4740,8655.0,187.0,2026-01-01,2,2,1,14,2,4,4
347,106,23696.0,17889,24603.0,115.0,2024-01-01,3,2,2,8,3,1,1
348,71,13420.0,8884,14937.0,126.0,2024-01-01,5,2,2,11,5,8,6
349,78,7832.0,5320,8709.0,155.0,2026-01-01,2,1,1,6,2,1,1
350,77,7315.0,4099,7272.0,179.0,2026-01-01,2,1,1,6,2,7,3
351,100,13888.0,10617,17673.0,125.0,2026-01-01,4,3,2,7,4,8,6
352,97,15787.0,12662,17783.0,163.0,2023-01-01,5,2,1,13,5,2,2
353,63,10952.0,7515,12193.0,143.0,2025-01-01,2,2,2,14,2,7,3
354,54,7243.0,8693,7889.0,131.0,2025-01-01,2,2,2,4,2,1,1
355,157,18477.0,8513,22080.0,101.0,2026-01-01,3,2,1,8,3,5,5
356,105,22643.0,17085,24900.0,98.0,2024-01-01,3,2,2,8,3,1,1
357,80,6793.0,4762,7443.0,174.0,2026-01-01,2,1,1,6,2,8,6
358,90,8388.0,4667,8848.0,218.0,2026-01-01,5,2,1,11,5,5,5
359,69,6097.0,4219,7385.0,201.0,2024-01-01,1,1,1,1,1,6,4
360,66,7736.0,5860,7956.0,178.0,2023-01-01,2,3,1,2,2,2,2
361,104,8951.0,6438,10625.0,163.0,2025-01-01,2,2,1,2,2,11,3
362,90,8220.0,4570,9041.0,179.0,2026-01-01,5,2,1,11,5,5,5
363,175,30560.0,19575,40881.0,65.0,2024-01-01,6,2,1,12,6,2,2
364,85,7609.0,4375,8975.0,203.0,2026-01-01,5,2,1,11,5,5,5
365,69,5785.0,3865,6117.0,218.0,2026-01-01,1,1,1,9,1,4,4
366,108,11914.0,7067,13990.0,164.0,2026-01-01,4,2,1,7,4,5,5
367,71,7686.0,5313,10344.0,207.0,2026-01-01,2,3,1,4,2,7,3
368,70,18097.0,13575,21360.0,119.0,2025-01-01,2,2,2,14,2,1,1
369,119,17854.0,12439,18984.0,81.0,2026-01-01,5,2,1,17,5,2,2
370,55,7613.0,4730,9118.0,167.0,2025-01-01,2,1,2,2,2,2,2
371,121,31856.0,22104,32780.0,76.0,2025-01-01,5,2,2,16,5,7,3
372,165,17960.0,11589,20691.0,187.0,2025-01-01,3,1,1,3,3,1,1
373,88,7153.0,4893,8059.0,158.0,2025-01-01,2,2,1,10,2,7,3
374,69,6780.0,4850,7520.0,168.0,2026-01-01,2,1,1,10,2,2,2
375,52,7587.0,5642,8477.0,192.0,2024-01-01,5,2,2,11,5,1,1
376,71,6258.0,4199,7130.0,172.0,2024-01-01,1,1,1,1,1,6,4
377,63,6725.0,4012,7706.0,181.0,2026-01-01,2,1,1,2,2,7,3
378,58,8007.0,5825,8242.0,168.0,2023-01-01,2,3,1,2,2,2,2
379,104,7313.0,4359,8283.0,184.0,2026-01-01,2,1,1,10,2,4,4
380,98,11196.0,7779,12153.0,138.0,2024-01-01,2,1,1,14,2,4,4
381,98,15874.0,9495,19694.0,127.0,2026-01-01,7,4,1,18,7,2,2
382,68,14529.0,9175,14201.0,120.0,2024-01-01,5,2,2,11,5,8,6
383,114,13404.0,9970,14523.0,184.0,2026-01-01,3,2,1,8,3,8,6
384,66,6157.0,3430,6487.0,153.0,2025-01-01,2,1,1,14,2,5,5
385,113,17807.0,9813,18007.0,130.0,2026-01-01,5,2,1,17,5,8,6
386,65,6643.0,5086,7956.0,164.0,2026-01-01,1,2,1,9,1,1,1
387,119,25148.0,17517,29399.0,105.0,2026-01-01,5,2,1,13,5,2,2
388,114,11399.0,6674,12493.0,176.0,2026-01-01,2,1,1,2,2,7,3
389,85,8041.0,4569,9124.0,206.0,2026-01-01,5,2,1,11,5,5,5
390,77,7064.0,4419,7484.0,171.0,2026-01-01,2,1,1,6,2,8,6
391,60,7743.0,5755,8061.0,178.0,2023-01-01,2,3,1,2,2,2,2
392,88,7725.0,4709,8910.0,163.0,2026-01-01,2,1,1,6,2,1,1
393,68,5164.0,3256,5943.0,173.0,2023-01-01,2,1,1,10,2,7,3
394,82,8589.0,6593,9895.0,154.0,2026-01-01,1,3,1,19,1,4,4
395,76,7500.0,4102,9746.0,178.0,2025-01-01,2,3,1,5,2,8,6
396,161,16407.0,8955,17410.0,161.0,2026-01-01,2,1,1,2,2,4,4
397,100,17470.0,12016,18094.0,186.0,2023-01-01,5,2,1,13,5,2,2
398,86,10809.0,6292,10819.0,156.0,2024-01-01,2,2,1,6,2,7,3
399,84,8342.0,5271,10546.0,166.0,2025-01-01,2,1,1,14,2,4,4
400,121,18744.0,13442,19884.0,153.0,2026-01-01,2,2,1,14,2,8,6
401,118,23751.0,13651,25656.0,130.0,2026-01-01,3,2,1,8,3,5,5
402,67,7614.0,5221,8673.0,173.0,2025-01-01,2,2,1,2,2,8,6
403,118,25643.0,19587,29976.0,76.0,2026-01-01,5,2,2,16,5,5,5
404,156,17618.0,11717,20991.0,119.0,2026-01-01,3,3,1,8,3,8,6
405,154,13625.0,9600,14499.0,150.0,2025-01-01,2,2,1,4,2,2,2
406,159,12997.0,9669,13974.0,157.0,2025-01-01,2,2,1,4,2,2,2
407,54,7149.0,8588,7404.0,170.0,2025-01-01,2,2,2,4,2,1,1
408,132,12256.0,7416,14743.0,148.0,2026-01-01,1,1,1,9,1,5,5
409,103,13548.0,8585,13676.0,174.0,2024-01-01,5,2,1,11,5,5,5
410,150,17092.0,9629,18500.0,146.0,2026-01-01,7,1,1,18,7,8,6
411,75,7095.0,5270,7631.0,141.0,2026-01-01,2,3,1,6,2,1,1
412,258,34567.0,24728,36777.0,53.0,2025-01-01,6,2,1,12,6,4,4
413,84,8178.0,5078,10052.0,170.0,2025-01-01,2,1,1,14,2,4,4
414,101,8478.0,5963,10004.0,188.0,2025-01-01,1,2,1,9,1,7,3
415,106,13666.0,8007,14512.0,146.0,2026-01-01,5,2,1,17,5,2,2
416,71,7190.0,8838,8605.0,192.0,2026-01-01,2,1,1,5,2,4,4
417,157,18712.0,8569,23234.0,118.0,2026-01-01,3,2,1,8,3,5,5
418,69,6587.0,4846,7666.0,181.0,2026-01-01,1,2,1,9,1,1,1
419,79,9859.0,7579,11935.0,148.0,2025-01-01,2,2,1,14,2,11,3
420,162,16865.0,9421,19819.0,92.0,2024-01-01,2,1,1,4,2,5,5
421,90,10354.0,8125,10819.0,218.0,2025-01-01,5,1,1,11,5,2,2
422,94,10170.0,6075,10884.0,164.0,2026-01-01,2,2,1,5,2,5,5
423,59,7862.0,4322,8425.0,208.0,2024-01-01,2,2,2,2,2,7,3
424,100,8129.0,5075,8370.0,217.0,2026-01-01,1,1,1,19,1,5,5
425,94,7856.0,8558,9486.0,174.0,2026-01-01,2,2,1,10,2,1,1
426,100,12960.0,8798,13311.0,191.0,2026-01-01,2,2,1,6,2,5,5
427,88,11306.0,7866,11512.0,174.0,2026-01-01,2,1,1,2,2,1,1
428,112,9145.0,5714,10016.0,178.0,2026-01-01,2,2,1,2,2,4,4
429,106,15482.0,10761,16582.0,137.0,2025-01-01,5,2,1,17,5,4,4
430,92,9919.0,7291,11686.0,164.0,2026-01-01,2,3,1,5,2,2,2
431,185,37538.0,9110,47672.0,37.0,2026-01-01,5,2,1,13,5,1,1
432,63,6613.0,3994,7575.0,196.0,2026-01-01,2,1,1,2,2,7,3
433,113,10056.0,5963,11650.0,166.0,2026-01-01,2,5,1,2,2,1,1
434,106,8915.0,6180,9023.0,218.0,2025-01-01,1,2,1,9,1,7,3
435,57,6342.0,9127,7449.0,152.0,2025-01-01,2,2,2,4,2,1,1
436,71,6548.0,5273,7754.0,153.0,2026-01-01,1,2,1,9,1,1,1
437,145,18801.0,11360,19285.0,125.0,2024-01-01,4,2,1,7,4,4,4
438,94,9869.0,8240,10656.0,218.0,2025-01-01,5,1,1,11,5,2,2
439,170,34987.0,8818,44554.0,39.0,2026-01-01,5,2,1,13,5,1,1
440,143,12146.0,7211,14471.0,126.0,2026-01-01,2,1,1,10,2,4,4
441,157,19631.0,11810,21322.0,123.0,2026-01-01,3,3,1,8,3,8,6
442,64,10069.0,7439,12050.0,155.0,2025-01-01,2,2,2,14,2,7,3
443,100,8896.0,5966,10017.0,181.0,2025-01-01,1,2,1,9,1,7,3
444,151,13473.0,8564,14984.0,138.0,2026-01-01,2,2,1,4,2,5,5
445,213,18877.0,15217,22038.0,146.0,2023-01-01,2,1,1,4,2,5,5
446,159,18240.0,12135,21688.0,129.0,2025-01-01,3,2,1,3,3,8,6
447,73,17691.0,13339,19699.0,129.0,2025-01-01,2,2,2,14,2,1,1
448,113,16470.0,10100,17158.0,168.0,2025-01-01,3,2,1,8,3,1,1
449,97,12205.0,7131,13665.0,166.0,2026-01-01,4,2,1,7,4,5,5
450,84,7984.0,5012,9280.0,178.0,2026-01-01,2,2,1,14,2,7,3
451,116,16282.0,9899,19705.0,147.0,2026-01-01,3,3,1,8,3,2,2
452,94,11245.0,8897,13327.0,165.0,2026-01-01,5,4,1,11,5,7,3
453,161,14110.0,9850,15028.0,161.0,2025-01-01,2,2,1,4,2,2,2
454,116,16625.0,11710,19810.0,78.0,2026-01-01,5,2,1,17,5,2,2
455,69,8036.0,7726,8705.0,172.0,2026-01-01,1,2,1,19,1,7,3
456,91,17055.0,11951,19967.0,151.0,2025-01-01,4,3,2,7,4,5,5
457,58,6216.0,8970,7119.0,178.0,2026-01-01,2,1,1,6,2,8,6
458,107,9660.0,5996,11125.0,144.0,2025-01-01,4,1,1,15,4,8,6
459,120,17173.0,12799,19726.0,115.0,2026-01-01,2,4,1,2,2,7,3
460,69,6093.0,4035,7374.0,181.0,2026-01-01,1,1,1,9,1,5,5
461,114,11733.0,8131,13357.0,161.0,2026-01-01,2,3,1,5,2,5,5
462,147,12407.0,7527,14443.0,147.0,2026-01-01,1,1,1,9,1,5,5
463,65,7295.0,5834,8567.0,164.0,2023-01-01,2,3,1,2,2,2,2
464,117,9156.0,6082,11517.0,143.0,2024-01-01,2,2,1,10,2,1,1
465,102,15459.0,9363,19180.0,139.0,2026-01-01,7,4,1,18,7,2,2
466,164,17935.0,9024,22865.0,119.0,2026-01-01,3,2,1,8,3,5,5
467,68,6902.0,4298,7008.0,206.0,2026-01-01,2,1,1,6,2,7,3
468,69,7377.0,8762,8625.0,182.0,2026-01-01,1,2,1,19,1,7,3
469,75,8448.0,5093,9053.0,195.0,2026-01-01,2,1,1,6,2,1,1
470,103,13321.0,8330,13676.0,173.0,2024-01-01,5,2,1,11,5,5,5
471,63,6544.0,4100,8346.0,178.0,2026-01-01,2,1,1,2,2,7,3
472,114,8720.0,5903,10371.0,185.0,2026-01-01,2,2,1,2,2,4,4
473,66,5373.0,3396,6501.0,155.0,2026-01-01,2,2,1,4,2,5,5
474,67,7556.0,4303,8823.0,218.0,2026-01-01,2,2,1,4,2,5,5
475,109,9540.0,5864,10321.0,158.0,2025-01-01,4,1,1,15,4,8,6
476,69,8624.0,5239,8822.0,189.0,2026-01-01,2,1,1,2,2,8,6
477,79,10248.0,5996,12311.0,136.0,2026-01-01,2,2,2,2,2,7,3
478,102,13810.0,8415,15034.0,154.0,2026-01-01,5,2,1,17,5,2,2
479,162,18238.0,12610,20492.0,109.0,2025-01-01,3,2,1,3,3,8,6
480,72,6414.0,3647,7681.0,167.0,2026-01-01,1,1,1,9,1,5,5
481,84,8305.0,5141,10088.0,177.0,2026-01-01,2,2,1,14,2,7,3
482,112,11093.0,6538,12435.0,186.0,2026-01-01,2,5,1,2,2,1,1
483,103,6640.0,4261,7480.0,167.0,2026-01-01,2,2,1,14,2,1,1
484,70,8026.0,6127,8896.0,141.0,2026-01-01,2,1,1,2,2,4,4
485,66,7626.0,4389,8567.0,204.0,2026-01-01,2,2,1,4,2,5,5
486,260,36300.0,26034,38662.0,56.0,2025-01-01,6,2,1,12,6,4,4
487,120,31502.0,20548,32424.0,70.0,2025-01-01,5,2,2,16,5,7,3
488,100,12253.0,9321,13212.0,165.0,2023-01-01,4,3,1,7,4,8,6
489,70,7399.0,4314,7633.0,198.0,2026-01-01,2,1,1,2,2,2,2
490,144,12659.0,7459,14057.0,153.0,2024-01-01,1,1,1,19,1,5,5
491,110,13152.0,8670,14141.0,141.0,2024-01-01,5,2,1,11,5,5,5
492,104,16619.0,9927,19724.0,160.0,2026-01-01,2,1,1,2,2,8,6
493,63,9299.0,6172,10316.0,142.0,2024-01-01,2,3,1,2,2,2,2
494,140,12165.0,7230,14523.0,149.0,2024-01-01,1,1,1,19,1,5,5
495,81,10880.0,7392,11623.0,153.0,2026-01-01,2,1,1,14,2,7,3
496,91,6526.0,4719,8247.0,186.0,2025-01-01,2,2,1,10,2,7,3
497,67,6276.0,3994,6602.0,218.0,2026-01-01,1,1,1,9,1,4,4
498,65,7037.0,4887,7691.0,186.0,2026-01-01,2,1,1,10,2,2,2
499,91,10151.0,9233,10861.0,206.0,2025-01-01,5,1,1,11,5,2,2
500,118,9334.0,6029,11226.0,179.0,2024-01-01,2,2,1,10,2,7,3
501,98,7801.0,5960,8958.0,148.0,2024-01-01,1,1,1,9,1,7,3
502,111,15527.0,10175,17925.0,107.0,2026-01-01,3,2,1,3,3,2,2
503,117,16369.0,9694,18279.0,183.0,2026-01-01,3,3,1,8,3,2,2
504,105,16103.0,9478,19011.0,131.0,2026-01-01,2,1,1,2,2,8,6
505,138,15486.0,11189,17403.0,182.0,2026-01-01,2,1,1,14,2,2,2
506,66,7350.0,5376,8381.0,173.0,2025-01-01,2,2,1,4,2,2,2
507,98,12106.0,9185,13712.0,174.0,2023-01-01,4,3,1,7,4,8,6
508,67,6603.0,5111,7883.0,182.0,2025-01-01,2,1,1,14,2,7,3
509,99,12995.0,9465,14367.0,190.0,2024-01-01,2,1,1,14,2,4,4
510,70,5266.0,3164,6271.0,165.0,2026-01-01,2,1,1,14,2,7,3
511,111,22899.0,17715,23523.0,116.0,2024-01-01,3,2,2,8,3,1,1
512,66,6974.0,4011,8171.0,153.0,2026-01-01,2,3,1,2,2,1,1
513,108,9250.0,6719,10400.0,167.0,2025-01-01,2,2,1,2,2,11,3
514,116,9669.0,5990,10941.0,140.0,2024-01-01,2,5,1,2,2,5,5
515,115,16204.0,10317,17636.0,163.0,2025-01-01,3,2,1,8,3,1,1
516,70,6445.0,3654,7604.0,171.0,2026-01-01,1,1,1,9,1,5,5
517,157,15700.0,10829,17358.0,144.0,2025-01-01,2,3,1,2,2,5,5
518,122,24109.0,17104,27149.0,108.0,2026-01-01,5,2,1,13,5,2,2
519,71,8888.0,5575,9274.0,189.0,2025-01-01,2,5,1,4,2,7,3
520,68,7489.0,8919,8719.0,178.0,2026-01-01,1,2,1,19,1,7,3
521,179,44342.0,28211,50087.0,1.0,2023-01-01,5,5,1,16,5,1,1
522,57,6577.0,9133,7071.0,195.0,2026-01-01,2,1,1,6,2,8,6
523,88,8923.0,6175,10991.0,214.0,2025-01-01,2,2,1,6,2,7,3
524,104,9498.0,6827,11962.0,192.0,2023-01-01,2,1,1,2,2,2,2
525,124,26556.0,18530,28424.0,68.0,2026-01-01,5,2,2,16,5,5,5
526,123,18220.0,12381,20005.0,139.0,2026-01-01,2,2,1,14,2,8,6
527,89,11144.0,8862,13381.0,150.0,2026-01-01,5,4,1,11,5,7,3
528,149,13503.0,7450,14443.0,140.0,2026-01-01,1,1,1,9,1,5,5
529,105,9703.0,5541,10959.0,184.0,2026-01-01,5,2,1,11,5,1,1
530,86,11082.0,9251,13332.0,154.0,2026-01-01,5,4,1,11,5,7,3
531,92,9476.0,6485,10452.0,151.0,2026-01-01,1,3,1,19,1,4,4
532,75,7293.0,4173,7708.0,177.0,2026-01-01,2,1,1,6,2,7,3
533,57,5397.0,3912,6195.0,218.0,2025-01-01,2,1,1,6,2,4,4
534,81,8968.0,5324,9694.0,174.0,2026-01-01,2,2,1,14,2,7,3
535,98,8001.0,5047,8838.0,180.0,2026-01-01,1,1,1,19,1,5,5
536,76,6848.0,4620,7874.0,175.0,2026-01-01,2,1,1,6,2,8,6
537,68,7130.0,5534,9019.0,161.0,2025-01-01,2,2,1,4,2,2,2
538,67,6356.0,4065,6586.0,195.0,2026-01-01,1,1,1,9,1,4,4
539,97,15840.0,8913,17745.0,180.0,2026-01-01,4,2,1,7,4,5,5
540,116,17459.0,11512,19673.0,76.0,2026-01-01,5,2,1,17,5,2,2
541,83,7257.0,4400,8181.0,206.0,2026-01-01,2,3,1,5,2,7,3
542,123,21065.0,11836,23770.0,103.0,2026-01-01,5,2,1,13,5,12,6
543,88,10270.0,6308,10724.0,137.0,2024-01-01,2,2,1,6,2,7,3
544,70,6955.0,5162,7779.0,155.0,2026-01-01,2,3,1,6,2,1,1
545,115,10954.0,6662,11940.0,119.0,2026-01-01,2,1,1,2,2,7,3
546,93,17260.0,10976,17409.0,160.0,2023-01-01,5,2,1,13,5,7,3
547,69,5118.0,3547,6742.0,179.0,2026-01-01,2,2,1,4,2,5,5
548,68,6740.0,4085,7389.0,218.0,2026-01-01,1,2,1,19,1,5,5
549,166,18091.0,11962,21067.0,106.0,2025-01-01,2,1,1,4,2,5,5
550,76,7951.0,8515,8651.0,200.0,2026-01-01,2,1,1,5,2,4,4
551,113,9137.0,6083,10227.0,198.0,2026-01-01,2,2,1,2,2,4,4
552,142,12921.0,7080,14603.0,143.0,2026-01-01,2,1,1,10,2,4,4
553,118,11043.0,6550,12468.0,181.0,2026-01-01,2,5,1,2,2,1,1
554,71,18417.0,13716,20205.0,136.0,2025-01-01,2,2,2,14,2,1,1
555,160,19536.0,11018,22285.0,101.0,2026-01-01,3,2,1,8,3,7,3
556,166,16921.0,9656,20875.0,116.0,2024-01-01,2,1,1,4,2,5,5
557,61,6559.0,4323,7351.0,178.0,2026-01-01,2,1,1,2,2,2,2
558,166,15442.0,9115,17682.0,130.0,2026-01-01,2,1,1,2,2,4,4
559,72,8141.0,4858,8842.0,181.0,2025-01-01,2,2,1,2,2,7,3
560,89,10311.0,6567,11395.0,183.0,2026-01-01,2,1,1,2,2,7,3
561,98,14180.0,10222,16353.0,138.0,2026-01-01,4,3,2,7,4,8,6
562,143,25476.0,13956,28213.0,93.0,2026-01-01,5,2,1,17,5,8,6
563,153,14014.0,9402,16184.0,133.0,2023-01-01,2,3,1,4,2,2,2
564,84,7514.0,4927,8761.0,152.0,2026-01-01,2,1,1,6,2,1,1
565,50,7504.0,5277,9024.0,194.0,2024-01-01,5,2,2,11,5,1,1
566,67,5315.0,3148,6173.0,202.0,2026-01-01,2,1,1,14,2,7,3
567,179,36170.0,23830,36792.0,52.0,2026-01-01,6,2,1,12,6,5,5
568,100,6719.0,4510,7554.0,174.0,2026-01-01,2,2,1,14,2,1,1
569,112,11692.0,7376,13772.0,202.0,2026-01-01,3,2,1,3,3,5,5
570,136,18637.0,11048,20349.0,130.0,2024-01-01,4,2,1,7,4,4,4
571,113,12385.0,8712,13685.0,179.0,2026-01-01,3,2,1,8,3,8,6
572,88,8521.0,8275,8860.0,172.0,2026-01-01,2,2,1,10,2,1,1
573,91,9730.0,5185,10240.0,171.0,2025-01-01,2,1,1,14,2,4,4
574,96,16641.0,12053,18252.0,178.0,2023-01-01,5,2,1,13,5,2,2
575,109,16837.0,8919,19467.0,121.0,2026-01-01,7,4,1,18,7,2,2
576,68,6554.0,4917,7723.0,167.0,2026-01-01,2,1,1,10,2,2,2
577,91,9348.0,8403,10838.0,211.0,2025-01-01,5,1,1,11,5,2,2
578,95,12922.0,9366,15925.0,116.0,2026-01-01,4,2,2,7,4,7,3
579,86,7670.0,4429,8917.0,205.0,2026-01-01,5,2,1,11,5,5,5
580,68,5290.0,3620,6576.0,174.0,2024-01-01,1,1,1,9,1,2,2
581,74,6674.0,4237,7706.0,208.0,2024-01-01,1,1,1,1,1,6,4
582,114,11659.0,7235,12075.0,138.0,2026-01-01,2,1,1,2,2,7,3
583,71,6462.0,3839,7182.0,173.0,2026-01-01,1,1,1,9,1,5,5
584,99,16742.0,10591,17923.0,158.0,2023-01-01,5,2,1,13,5,7,3
585,145,14401.0,10126,17521.0,140.0,2026-01-01,2,1,1,10,2,1,1
586,87,11986.0,8622,12785.0,120.0,2026-01-01,5,4,1,11,5,7,3
587,83,7766.0,5333,8437.0,202.0,2026-01-01,2,2,1,5,2,8,6
588,74,6697.0,3994,7506.0,201.0,2024-01-01,1,2,1,1,1,7,3
589,116,17548.0,12755,17300.0,136.0,2026-01-01,2,4,1,2,2,7,3
590,103,8841.0,6386,10576.0,170.0,2025-01-01,2,2,1,2,2,11,3
591,67,7832.0,6166,8922.0,148.0,2026-01-01,2,1,1,2,2,4,4
592,84,7628.0,4944,9017.0,208.0,2026-01-01,5,2,1,11,5,5,5
593,64,6039.0,3662,7243.0,160.0,2025-01-01,2,1,1,14,2,5,5
594,110,16878.0,9999,18691.0,120.0,2026-01-01,3,2,1,8,3,4,4
595,124,24402.0,18270,27904.0,78.0,2026-01-01,5,2,2,16,5,5,5
596,117,9287.0,5962,9445.0,192.0,2026-01-01,2,2,1,2,2,4,4
597,112,7972.0,4838,8724.0,187.0,2026-01-01,1,1,1,19,1,5,5
598,69,7154.0,4863,8457.0,194.0,2025-01-01,2,2,1,2,2,8,6
599,109,8997.0,5869,10134.0,151.0,2026-01-01,4,3,1,15,4,1,1
600,111,12343.0,6911,14276.0,172.0,2026-01-01,3,2,1,3,3,5,5
601,206,32969.0,21393,38924.0,57.0,2026-01-01,5,5,1,21,5,2,2
602,71,7426.0,5128,8599.0,183.0,2025-01-01,2,2,1,2,2,8,6
603,62,6524.0,3921,7603.0,188.0,2026-01-01,2,1,1,2,2,7,3
604,88,9240.0,6227,10841.0,184.0,2023-01-01,1,3,1,9,1,5,5
605,114,11504.0,6636,12206.0,201.0,2026-01-01,2,5,1,2,2,1,1
606,90,13814.0,9848,15969.0,136.0,2026-01-01,4,3,2,7,4,8,6
607,116,25133.0,18238,27007.0,73.0,2026-01-01,5,2,2,16,5,5,5
608,164,17994.0,11913,20600.0,111.0,2025-01-01,2,1,1,4,2,5,5
609,160,18722.0,8835,22441.0,124.0,2026-01-01,3,2,1,8,3,5,5
610,90,10972.0,7240,13976.0,172.0,2025-01-01,2,2,1,2,2,1,1
611,116,11803.0,6504,12384.0,156.0,2026-01-01,2,1,1,2,2,7,3
612,71,7534.0,4802,8579.0,180.0,2026-01-01,2,2,1,4,2,5,5
613,70,8598.0,5002,8687.0,188.0,2026-01-01,2,1,1,2,2,8,6
614,113,9992.0,5865,10799.0,187.0,2025-01-01,2,1,1,10,2,4,4
615,86,7322.0,3771,7942.0,184.0,2023-01-01,2,2,1,5,2,1,1
616,116,12211.0,8926,12833.0,209.0,2026-01-01,3,1,1,3,3,8,6
617,105,6506.0,4273,7819.0,206.0,2026-01-01,2,2,1,14,2,1,1
618,107,11095.0,9422,12857.0,148.0,2024-01-01,2,1,1,14,2,5,5
619,126,22245.0,13334,23563.0,123.0,2026-01-01,5,2,1,13,5,1,1
620,151,13080.0,7254,15173.0,139.0,2026-01-01,1,1,1,9,1,5,5
621,56,6673.0,8389,7558.0,170.0,2025-01-01,2,2,2,4,2,1,1
622,99,8725.0,6646,9697.0,163.0,2026-01-01,2,1,1,4,2,7,3
623,77,7322.0,4391,8014.0,198.0,2026-01-01,2,1,1,6,2,7,3
624,85,8109.0,8524,8630.0,158.0,2026-01-01,2,2,1,10,2,1,1
625,149,12535.0,7211,15275.0,145.0,2024-01-01,1,1,1,19,1,5,5
626,250,37765.0,25469,36666.0,62.0,2025-01-01,6,2,1,12,6,4,4
627,120,30442.0,21147,35158.0,75.0,2025-01-01,5,2,2,16,5,7,3
628,71,5238.0,3329,6525.0,187.0,2023-01-01,2,1,1,10,2,7,3
629,165,17326.0,9336,19403.0,115.0,2024-01-01,2,1,1,4,2,5,5
630,72,5463.0,3516,6327.0,188.0,2023-01-01,2,1,1,10,2,7,3
631,61,6601.0,4164,7854.0,187.0,2026-01-01,2,1,1,2,2,7,3
632,118,29149.0,21103,30607.0,87.0,2026-01-01,5,3,2,16,5,7,3
633,55,7148.0,8778,7657.0,161.0,2025-01-01,2,2,2,4,2,1,1
634,102,7821.0,4544,7939.0,212.0,2026-01-01,2,1,1,10,2,4,4
635,86,7823.0,5021,8873.0,192.0,2026-01-01,2,1,1,6,2,1,1
636,85,7142.0,3835,8799.0,200.0,2023-01-01,2,2,1,5,2,1,1
637,67,5215.0,3078,6421.0,185.0,2026-01-01,2,1,1,14,2,7,3
638,85,10322.0,7157,11510.0,144.0,2025-01-01,2,2,1,14,2,11,3
639,68,8276.0,4657,8668.0,209.0,2025-01-01,2,2,1,2,2,7,3
640,116,13191.0,9111,13423.0,179.0,2026-01-01,3,2,1,8,3,8,6
641,69,5126.0,3097,5766.0,166.0,2024-01-01,2,1,1,5,2,5,5
642,97,9712.0,6004,11327.0,194.0,2026-01-01,5,2,1,11,5,5,5
643,91,10012.0,6410,11500.0,182.0,2026-01-01,2,1,1,2,2,7,3
644,96,8940.0,6524,10229.0,144.0,2026-01-01,2,1,1,4,2,7,3
645,55,7951.0,4491,8468.0,218.0,2024-01-01,2,2,2,2,2,7,3
646,131,30352.0,19238,31933.0,94.0,2025-01-01,5,5,2,16,5,4,4
647,69,7656.0,5039,8898.0,202.0,2026-01-01,2,1,1,4,2,4,4
648,94,14065.0,10004,16317.0,151.0,2026-01-01,4,3,2,7,4,8,6
649,106,17133.0,9731,18541.0,160.0,2026-01-01,3,3,1,8,3,2,2
650,71,10735.0,6112,12325.0,152.0,2026-01-01,2,2,2,2,2,7,3
651,151,14604.0,8566,14575.0,156.0,2026-01-01,2,2,1,4,2,5,5
652,107,15305.0,10264,18374.0,124.0,2026-01-01,3,2,1,3,3,2,2
653,106,13092.0,8275,14063.0,160.0,2026-01-01,2,2,1,6,2,5,5
654,111,9038.0,5854,10012.0,178.0,2026-01-01,2,2,1,2,2,4,4
655,99,16865.0,12237,18753.0,144.0,2025-01-01,4,3,2,7,4,5,5
656,95,13981.0,10720,17236.0,153.0,2026-01-01,4,3,2,7,4,8,6
657,56,8132.0,4569,8554.0,213.0,2024-01-01,2,2,2,2,2,7,3
658,103,10006.0,6195,10707.0,130.0,2025-01-01,4,1,1,15,4,8,6
659,182,32116.0,22563,35833.0,76.0,2026-01-01,5,2,1,13,5,4,4
660,89,8467.0,5112,9587.0,167.0,2026-01-01,2,2,1,14,2,7,3
661,70,7210.0,5744,8999.0,123.0,2026-01-01,2,3,1,6,2,1,1
662,58,6938.0,4303,7429.0,183.0,2026-01-01,2,1,1,2,2,2,2
663,108,19181.0,14308,22259.0,147.0,2024-01-01,5,3,1,17,5,8,6
664,101,12619.0,8342,14799.0,156.0,2026-01-01,2,2,1,6,2,5,5
665,90,8704.0,6652,9692.0,170.0,2026-01-01,1,3,1,19,1,4,4
666,96,9631.0,6037,11535.0,185.0,2026-01-01,2,2,1,5,2,5,5
667,158,17763.0,9571,20736.0,103.0,2024-01-01,2,1,1,4,2,5,5
668,95,11105.0,8349,11901.0,188.0,2026-01-01,2,1,1,2,2,1,1
669,104,10040.0,5912,11026.0,178.0,2026-01-01,5,2,1,11,5,5,5
670,103,8539.0,6162,9653.0,218.0,2025-01-01,1,2,1,9,1,7,3
671,118,13758.0,7267,16266.0,179.0,2025-01-01,3,3,1,8,3,5,5
672,209,31564.0,22583,38283.0,60.0,2026-01-01,5,5,1,21,5,2,2
673,102,9523.0,6052,10773.0,151.0,2025-01-01,4,1,1,15,4,8,6
674,72,6627.0,3644,7350.0,218.0,2024-01-01,1,2,1,1,1,7,3
675,208,34744.0,20581,38438.0,62.0,2023-01-01,5,5,1,21,5,8,6
676,111,11830.0,8514,13672.0,159.0,2026-01-01,2,3,1,5,2,5,5
677,107,7732.0,5102,9289.0,193.0,2026-01-01,1,1,1,19,1,5,5
678,166,37754.0,8109,45565.0,34.0,2026-01-01,5,2,1,13,5,1,1
679,90,12856.0,9358,15852.0,96.0,2026-01-01,4,2,2,7,4,7,3
680,65,13592.0,9417,14125.0,114.0,2024-01-01,5,2,2,11,5,8,6
681,110,11308.0,7935,12874.0,148.0,2026-01-01,2,3,1,5,2,5,5
682,87,9327.0,6454,10660.0,196.0,2023-01-01,1,3,1,9,1,5,5
683,108,16339.0,10852,17214.0,152.0,2025-01-01,3,2,1,8,3,1,1
684,110,16323.0,10362,17922.0,139.0,2025-01-01,3,2,1,8,3,1,1
685,74,7613.0,5110,8425.0,175.0,2026-01-01,2,2,1,6,2,1,1
686,76,9049.0,5933,8614.0,126.0,2026-01-01,2,1,1,2,2,4,4
687,154,13622.0,9905,16651.0,124.0,2026-01-01,2,1,1,10,2,1,1
688,67,7412.0,8271,8614.0,197.0,2026-01-01,1,2,1,19,1,7,3
689,68,6701.0,8190,7889.0,191.0,2025-01-01,2,2,1,4,2,2,2
690,67,8109.0,5335,9400.0,199.0,2026-01-01,2,1,1,2,2,8,6
691,106,21772.0,13556,24972.0,126.0,2026-01-01,3,2,1,8,3,5,5
692,70,7973.0,5036,8919.0,192.0,2025-01-01,2,2,1,2,2,7,3
693,106,12729.0,8698,13667.0,147.0,2024-01-01,5,2,1,11,5,5,5
694,114,13092.0,9251,13218.0,206.0,2026-01-01,3,2,1,8,3,8,6
695,66,6306.0,3949,7296.0,192.0,2024-01-01,1,1,1,1,1,6,4
696,101,6808.0,4506,7710.0,203.0,2026-01-01,2,2,1,14,2,1,1
697,112,11902.0,7834,13660.0,187.0,2026-01-01,2,3,1,5,2,5,5
698,69,6833.0,4301,6887.0,181.0,2026-01-01,1,2,1,19,1,5,5
699,102,16704.0,10842,17320.0,153.0,2023-01-01,5,2,1,13,5,7,3
700,67,7063.0,3594,7848.0,202.0,2024-01-01,1,2,1,1,1,7,3
701,100,11998.0,6832,14075.0,152.0,2026-01-01,4,2,1,7,4,5,5
702,201,30408.0,21702,35912.0,60.0,2026-01-01,5,5,1,21,5,2,2
703,78,6879.0,4319,8148.0,218.0,2026-01-01,2,1,1,6,2,7,3
704,76,6851.0,5172,8328.0,169.0,2026-01-01,2,2,1,6,2,1,1
705,65,7614.0,4563,9046.0,188.0,2026-01-01,1,2,1,9,1,2,2
706,94,17873.0,10593,21036.0,176.0,2026-01-01,4,2,2,7,4,2,2
707,105,16229.0,9054,18967.0,121.0,2026-01-01,7,4,1,18,7,2,2
708,106,5964.0,3322,5971.0,197.0,2023-01-01,1,1,1,19,1,4,4
709,69,8407.0,5372,10419.0,186.0,2025-01-01,2,5,1,4,2,7,3
710,73,7690.0,4418,9125.0,204.0,2026-01-01,2,2,1,4,2,5,5
711,76,7355.0,8299,9298.0,190.0,2026-01-01,2,1,1,5,2,4,4
712,94,12738.0,9621,15918.0,118.0,2026-01-01,4,2,2,7,4,7,3
713,64,5355.0,3269,5716.0,190.0,2025-01-01,2,1,1,2,2,7,3
714,75,7242.0,4301,8274.0,215.0,2026-01-01,2,1,1,2,2,2,2
715,107,9346.0,6080,11392.0,214.0,2026-01-01,5,2,1,11,5,5,5
716,67,8186.0,5842,9060.0,150.0,2026-01-01,2,1,1,2,2,4,4
717,94,11906.0,7158,13231.0,139.0,2026-01-01,4,2,1,7,4,5,5
718,160,13397.0,9087,13907.0,149.0,2026-01-01,2,2,1,4,2,5,5
719,65,5118.0,3077,6278.0,185.0,2026-01-01,2,1,1,14,2,7,3
720,84,8753.0,6434,10066.0,171.0,2026-01-01,1,3,1,19,1,4,4
721,87,8866.0,6589,9736.0,167.0,2023-01-01,1,3,1,9,1,5,5
722,112,13337.0,8593,14299.0,147.0,2024-01-01,5,2,1,11,5,5,5
723,103,9137.0,6440,11449.0,160.0,2025-01-01,2,2,1,2,2,11,3
724,66,6945.0,5072,8222.0,154.0,2026-01-01,1,2,1,9,1,1,1
725,68,8272.0,5081,8981.0,184.0,2026-01-01,2,1,1,2,2,8,6
726,66,6130.0,4079,6663.0,190.0,2026-01-01,1,1,1,9,1,4,4
727,79,8136.0,4501,9910.0,170.0,2025-01-01,2,3,1,5,2,8,6
728,52,5261.0,3525,6379.0,186.0,2026-01-01,1,1,1,1,1,1,1
729,154,13294.0,8604,14797.0,139.0,2026-01-01,2,2,1,4,2,5,5
730,165,18652.0,11075,21746.0,166.0,2025-01-01,3,1,1,3,3,1,1
731,61,5531.0,3403,5986.0,193.0,2025-01-01,2,1,1,2,2,7,3
732,115,9698.0,6261,11253.0,139.0,2024-01-01,2,2,1,10,2,1,1
733,88,12317.0,8238,13104.0,140.0,2026-01-01,5,4,1,11,5,7,3
734,51,7552.0,4925,8895.0,178.0,2025-01-01,2,1,2,2,2,2,2
735,95,10350.0,8685,12194.0,144.0,2024-01-01,2,2,1,6,2,8,6
736,65,5120.0,3077,5860.0,175.0,2024-01-01,2,1,1,5,2,5,5
737,57,5330.0,3554,6023.0,199.0,2025-01-01,2,1,1,2,2,7,3
738,118,30882.0,22696,35679.0,82.0,2025-01-01,5,2,2,16,5,7,3
739,65,6151.0,4134,7599.0,200.0,2026-01-01,2,1,1,2,2,7,3
740,52,8021.0,6154,10120.0,180.0,2024-01-01,5,2,2,11,5,5,5
741,121,9380.0,6112,10918.0,114.0,2024-01-01,2,5,1,2,2,5,5
742,71,7220.0,4068,8827.0,214.0,2026-01-01,2,1,1,2,2,2,2
743,106,9620.0,5689,10636.0,140.0,2025-01-01,4,1,1,15,4,8,6
744,98,13120.0,9109,14481.0,192.0,2024-01-01,2,1,1,14,2,4,4
745,71,8124.0,4769,9026.0,205.0,2025-01-01,2,2,1,2,2,7,3
746,70,5417.0,3375,6292.0,192.0,2023-01-01,2,1,1,10,2,7,3
747,95,12692.0,8683,14426.0,166.0,2023-01-01,4,3,1,7,4,8,6
748,73,19747.0,13496,20246.0,130.0,2025-01-01,2,2,2,14,2,1,1
749,122,18457.0,12624,20871.0,156.0,2026-01-01,2,2,1,14,2,8,6
750,59,5491.0,3835,6081.0,212.0,2025-01-01,2,1,1,6,2,4,4
751,110,15892.0,10115,19671.0,139.0,2026-01-01,3,3,1,8,3,2,2
752,56,6187.0,8224,6768.0,197.0,2026-01-01,2,1,1,6,2,8,6
753,48,5436.0,3507,6440.0,218.0,2026-01-01,1,1,1,1,1,1,1
754,69,13398.0,9274,15452.0,108.0,2024-01-01,5,2,2,11,5,8,6
755,92,16451.0,12982,19564.0,145.0,2025-01-01,4,3,2,7,4,5,5
756,69,6640.0,4612,7772.0,188.0,2024-01-01,2,2,1,4,2,2,2
757,63,6468.0,4098,7764.0,196.0,2026-01-01,2,1,1,2,2,7,3
758,119,9644.0,5688,10565.0,169.0,2025-01-01,2,1,1,10,2,4,4
759,72,7528.0,4599,9126.0,182.0,2026-01-01,1,2,1,9,1,2,2
760,65,5578.0,3543,5930.0,194.0,2025-01-01,2,1,1,2,2,7,3
761,73,7089.0,5038,7790.0,151.0,2026-01-01,2,3,1,6,2,1,1
762,101,16242.0,12855,18459.0,157.0,2025-01-01,4,3,2,7,4,5,5
763,112,13367.0,9087,13372.0,189.0,2026-01-01,3,2,1,8,3,8,6
764,70,14084.0,9594,14930.0,124.0,2024-01-01,5,2,2,11,5,8,6
765,175,16145.0,10204,19678.0,162.0,2024-01-01,1,1,1,22,1,4,4
766,69,7310.0,4937,8641.0,218.0,2025-01-01,2,2,1,2,2,8,6
767,194,31680.0,21205,38448.0,65.0,2026-01-01,5,5,1,21,5,2,2
768,96,8932.0,6667,9749.0,154.0,2026-01-01,2,1,1,4,2,7,3
769,137,13493.0,7570,15642.0,139.0,2026-01-01,1,1,1,9,1,5,5
770,70,6427.0,5195,7426.0,170.0,2026-01-01,2,1,1,10,2,2,2
771,116,15464.0,10229,17877.0,138.0,2026-01-01,3,2,1,3,3,2,2
772,130,21993.0,12508,24178.0,146.0,2023-01-01,3,2,1,8,3,8,6
773,112,12370.0,8800,13291.0,160.0,2025-01-01,7,4,1,18,7,7,3
774,80,8303.0,4393,9345.0,197.0,2025-01-01,2,3,1,5,2,8,6
775,71,10255.0,6043,12310.0,148.0,2026-01-01,2,2,2,2,2,7,3
776,117,13571.0,7336,14537.0,187.0,2025-01-01,3,3,1,8,3,5,5
777,116,9359.0,6396,11533.0,154.0,2024-01-01,2,2,1,10,2,7,3
778,72,6465.0,3889,7013.0,189.0,2026-01-01,1,1,1,9,1,4,4
779,99,13908.0,8921,14647.0,181.0,2024-01-01,2,1,1,14,2,4,4
780,76,9808.0,5994,12023.0,171.0,2026-01-01,2,2,2,2,2,7,3
781,157,15259.0,8543,17522.0,149.0,2026-01-01,2,2,1,2,2,7,3
782,113,11907.0,8628,12384.0,200.0,2026-01-01,3,1,1,3,3,8,6
783,67,6646.0,5279,8079.0,185.0,2026-01-01,1,2,1,9,1,1,1
784,68,6804.0,4911,7657.0,163.0,2026-01-01,1,2,1,9,1,1,1
785,97,9196.0,6558,9801.0,149.0,2026-01-01,2,1,1,4,2,7,3
786,66,6835.0,3804,7225.0,185.0,2026-01-01,1,2,1,19,1,5,5
787,113,17577.0,10251,18948.0,108.0,2026-01-01,5,2,1,17,5,8,6
788,84,6666.0,3884,8808.0,199.0,2023-01-01,2,2,1,5,2,1,1
789,97,16631.0,10843,18513.0,128.0,2026-01-01,4,2,2,7,4,8,6
790,162,16740.0,10288,18462.0,150.0,2026-01-01,7,1,1,18,7,8,6
791,74,6324.0,3680,7246.0,218.0,2024-01-01,1,2,1,1,1,7,3
792,68,7460.0,5304,8844.0,160.0,2025-01-01,2,2,1,4,2,2,2
793,112,12066.0,7683,14372.0,176.0,2026-01-01,2,3,1,5,2,5,5
794,101,10033.0,6429,11549.0,178.0,2023-01-01,2,1,1,2,2,2,2
795,69,5118.0,3576,6506.0,154.0,2026-01-01,2,2,1,4,2,5,5
796,82,9787.0,7618,12118.0,155.0,2025-01-01,2,2,1,14,2,11,3
797,171,19636.0,7914,21681.0,103.0,2026-01-01,3,2,1,8,3,5,5
798,70,7650.0,4834,8875.0,176.0,2026-01-01,2,1,1,4,2,4,4
799,71,17070.0,13026,20036.0,146.0,2025-01-01,2,2,2,14,2,1,1
800,72,6936.0,4712,8097.0,177.0,2024-01-01,2,2,1,4,2,2,2
801,142,16508.0,10180,17605.0,144.0,2026-01-01,7,1,1,18,7,8,6
802,59,11212.0,7634,12883.0,141.0,2025-01-01,2,2,2,14,2,7,3
803,164,18577.0,12390,20583.0,134.0,2025-01-01,2,1,1,4,2,5,5
804,100,10155.0,5711,11569.0,204.0,2026-01-01,5,2,1,11,5,5,5
805,63,6570.0,4135,8159.0,197.0,2026-01-01,2,1,1,2,2,7,3
806,67,8562.0,4898,8836.0,174.0,2026-01-01,2,1,1,2,2,8,6
807,95,18247.0,11582,18189.0,128.0,2026-01-01,4,2,2,7,4,8,6
808,111,8227.0,5574,8998.0,157.0,2024-01-01,1,1,1,9,1,7,3
809,107,8029.0,5316,9832.0,178.0,2026-01-01,2,1,1,10,2,11,3
810,115,22979.0,13136,24074.0,132.0,2026-01-01,3,2,1,8,3,5,5
811,138,24829.0,14545,26688.0,84.0,2026-01-01,5,2,1,17,5,8,6
812,154,16350.0,8729,16351.0,143.0,2026-01-01,2,2,1,2,2,7,3
813,76,7020.0,4003,8845.0,218.0,2023-01-01,2,2,1,5,2,1,1
814,85,8841.0,5041,9661.0,170.0,2026-01-01,2,2,1,14,2,7,3
815,72,7989.0,5197,8711.0,203.0,2025-01-01,2,2,1,2,2,8,6
816,110,19260.0,13347,18582.0,117.0,2026-01-01,2,4,1,2,2,7,3
817,137,23248.0,14374,27592.0,90.0,2026-01-01,5,2,1,17,5,8,6
818,65,6264.0,3757,7775.0,185.0,2026-01-01,1,1,1,9,1,5,5
819,155,18421.0,11867,20965.0,122.0,2025-01-01,3,2,1,3,3,8,6
820,114,22237.0,13492,24073.0,119.0,2026-01-01,3,2,1,8,3,5,5
821,107,16906.0,12896,20289.0,76.0,2026-01-01,5,2,1,17,5,2,2
822,163,16820.0,12192,20570.0,127.0,2025-01-01,3,2,1,3,3,8,6
823,90,8785.0,6547,10247.0,191.0,2023-01-01,1,3,1,9,1,5,5
824,109,15234.0,11529,16782.0,173.0,2025-01-01,3,1,1,3,3,8,6
825,189,36389.0,22650,40199.0,29.0,2026-01-01,5,4,1,21,5,7,3
826,68,6721.0,4279,7497.0,197.0,2024-01-01,1,1,1,1,1,6,4
827,76,7607.0,8756,9700.0,178.0,2026-01-01,2,1,1,5,2,4,4
828,48,8356.0,5654,9689.0,186.0,2024-01-01,5,2,2,11,5,5,5
829,91,11351.0,7738,10955.0,199.0,2026-01-01,2,1,1,2,2,1,1
830,105,15691.0,10373,17699.0,127.0,2025-01-01,5,2,1,17,5,4,4
831,70,6861.0,5187,7576.0,174.0,2025-01-01,2,1,1,14,2,7,3
832,66,6387.0,3544,6911.0,170.0,2025-01-01,2,1,1,14,2,5,5
833,70,7313.0,5363,8799.0,166.0,2025-01-01,2,2,1,4,2,2,2
834,148,13189.0,7807,14864.0,150.0,2026-01-01,1,1,1,9,1,5,5
835,98,10116.0,6480,11337.0,199.0,2026-01-01,2,1,1,2,2,7,3
836,70,7660.0,5058,8760.0,193.0,2025-01-01,2,2,1,2,2,8,6
837,113,9673.0,8345,9870.0,201.0,2026-01-01,2,1,1,2,2,2,2
838,82,11100.0,6739,10960.0,127.0,2024-01-01,2,2,1,6,2,7,3
839,160,16344.0,10182,21367.0,143.0,2026-01-01,7,1,1,18,7,8,6
840,101,9634.0,5097,10265.0,190.0,2026-01-01,5,2,1,11,5,1,1
841,82,11061.0,7231,11544.0,141.0,2026-01-01,2,1,1,14,2,7,3
842,110,16129.0,10304,17202.0,118.0,2026-01-01,3,2,1,3,3,2,2
843,80,8498.0,5218,9915.0,130.0,2026-01-01,5,2,1,11,5,8,6
844,111,17342.0,14633,21823.0,135.0,2024-01-01,5,3,1,17,5,8,6
845,107,16798.0,9381,18916.0,137.0,2026-01-01,7,4,1,18,7,2,2
846,105,15218.0,9479,19917.0,141.0,2026-01-01,7,4,1,18,7,2,2
847,57,5677.0,3905,5940.0,185.0,2025-01-01,2,1,1,6,2,4,4
848,101,17025.0,10448,18164.0,169.0,2023-01-01,5,2,1,13,5,7,3
849,119,9976.0,6038,10051.0,141.0,2024-01-01,2,5,1,2,2,5,5
850,135,12361.0,7205,15827.0,160.0,2024-01-01,1,1,1,19,1,5,5
851,110,15930.0,9562,18708.0,112.0,2026-01-01,3,2,1,8,3,4,4
852,115,9383.0,5570,10951.0,191.0,2026-01-01,2,2,1,2,2,4,4
853,115,16496.0,9473,19884.0,180.0,2026-01-01,3,3,1,8,3,2,2
854,69,5118.0,3101,6334.0,205.0,2026-01-01,2,1,1,14,2,7,3
855,89,8520.0,5095,9348.0,155.0,2026-01-01,2,2,1,14,2,7,3
856,74,11734.0,5920,11964.0,174.0,2026-01-01,2,2,2,2,2,7,3
857,70,6993.0,5159,7441.0,204.0,2025-01-01,2,1,1,14,2,7,3
858,132,21740.0,11231,24980.0,109.0,2026-01-01,5,2,1,13,5,12,6
859,68,5269.0,3077,5622.0,204.0,2024-01-01,2,1,1,5,2,5,5
860,68,8665.0,6046,8331.0,151.0,2026-01-01,2,1,1,2,2,4,4
861,164,18297.0,8774,22722.0,109.0,2026-01-01,3,2,1,8,3,5,5
862,91,9262.0,9050,10544.0,218.0,2025-01-01,5,1,1,11,5,2,2
863,67,6648.0,5134,7708.0,148.0,2026-01-01,1,2,1,9,1,1,1
864,54,8009.0,4512,8758.0,170.0,2025-01-01,2,1,2,2,2,2,2
865,79,10335.0,5923,12050.0,155.0,2026-01-01,2,2,2,2,2,7,3
866,83,9176.0,5256,9492.0,166.0,2025-01-01,2,2,1,5,2,4,4
867,113,9406.0,6132,9869.0,150.0,2024-01-01,2,5,1,2,2,5,5
868,120,18598.0,13392,19021.0,129.0,2026-01-01,2,4,1,2,2,7,3
869,69,7029.0,8271,7893.0,162.0,2025-01-01,2,2,1,4,2,2,2
870,139,24419.0,14438,28047.0,86.0,2026-01-01,5,2,1,17,5,8,6
871,70,7458.0,5416,8373.0,172.0,2025-01-01,2,2,1,4,2,2,2
872,96,12928.0,8704,14142.0,194.0,2026-01-01,2,2,1,6,2,5,5
873,105,8012.0,5495,8576.0,136.0,2024-01-01,1,1,1,9,1,7,3
874,73,7293.0,4734,8605.0,185.0,2026-01-01,1,2,1,9,1,2,2
875,83,8526.0,4716,9542.0,196.0,2025-01-01,2,2,1,5,2,4,4
876,158,17289.0,9400,19956.0,93.0,2024-01-01,2,1,1,4,2,5,5
877,93,15757.0,9424,17517.0,167.0,2026-01-01,4,2,1,7,4,5,5
878,61,7211.0,3876,8130.0,155.0,2026-01-01,2,3,1,2,2,1,1
879,94,17613.0,11157,20624.0,141.0,2026-01-01,4,3,1,7,4,8,6
880,102,9806.0,5650,10445.0,154.0,2026-01-01,4,3,1,15,4,1,1
881,50,5118.0,3134,6211.0,194.0,2026-01-01,1,1,1,1,1,1,1
882,86,9865.0,6337,11211.0,211.0,2026-01-01,2,1,1,2,2,7,3
883,71,7473.0,4602,8318.0,211.0,2026-01-01,2,3,1,4,2,4,4
884,59,5877.0,3962,5622.0,203.0,2025-01-01,2,1,1,6,2,4,4
885,118,8887.0,4752,9539.0,162.0,2026-01-01,2,5,1,2,2,1,1
886,60,6586.0,4343,7471.0,182.0,2026-01-01,2,1,1,2,2,2,2
887,106,16695.0,10594,17698.0,186.0,2023-01-01,5,2,1,13,5,7,3
888,90,8572.0,6598,10143.0,207.0,2025-01-01,2,2,1,6,2,7,3
889,105,14335.0,8397,15768.0,168.0,2026-01-01,5,2,1,17,5,2,2
890,96,13119.0,8947,14032.0,189.0,2024-01-01,2,1,1,14,2,4,4
891,70,5526.0,3290,6385.0,195.0,2024-01-01,1,1,1,9,1,2,2
892,83,7433.0,3964,7758.0,188.0,2026-01-01,2,3,1,5,2,7,3
893,90,13936.0,9396,16570.0,109.0,2026-01-01,4,2,2,7,4,7,3
894,160,18809.0,10830,22839.0,115.0,2026-01-01,3,2,1,8,3,7,3
895,63,7224.0,5770,7716.0,188.0,2023-01-01,2,3,1,2,2,2,2
896,106,22407.0,13315,24467.0,120.0,2026-01-01,5,1,1,21,5,1,1
897,201,19217.0,14609,21274.0,131.0,2023-01-01,2,1,1,4,2,5,5
898,102,16950.0,10339,17516.0,159.0,2023-01-01,5,2,1,13,5,7,3
899,191,30667.0,20901,33811.0,79.0,2026-01-01,5,2,1,13,5,4,4
900,216,32216.0,22433,40358.0,66.0,2026-01-01,5,5,1,21,5,2,2
901,100,13868.0,8609,14359.0,135.0,2025-01-01,7,4,1,18,7,7,3
902,138,22594.0,15352,28713.0,85.0,2026-01-01,5,2,1,17,5,8,6
903,175,31666.0,18639,37464.0,74.0,2024-01-01,6,2,1,12,6,2,2
904,146,16127.0,9986,17952.0,153.0,2025-01-01,2,3,1,2,2,5,5
905,69,7631.0,5041,8874.0,199.0,2026-01-01,2,1,1,4,2,4,4
906,86,7043.0,4177,7999.0,170.0,2026-01-01,2,3,1,5,2,7,3
907,85,7153.0,4767,8332.0,180.0,2025-01-01,2,2,1,10,2,7,3
908,77,7582.0,4776,7861.0,171.0,2026-01-01,2,2,1,6,2,1,1
909,66,6179.0,3888,7334.0,187.0,2026-01-01,2,1,1,10,2,1,1
910,68,5863.0,4050,7476.0,218.0,2024-01-01,1,1,1,1,1,6,4
911,59,8093.0,4139,8875.0,182.0,2024-01-01,2,2,2,2,2,7,3
912,84,7436.0,4757,8725.0,159.0,2026-01-01,2,1,1,6,2,1,1
913,69,6741.0,4811,7254.0,160.0,2026-01-01,2,1,1,10,2,2,2
914,107,16322.0,9770,18728.0,112.0,2026-01-01,3,2,1,8,3,4,4
915,72,6420.0,4298,7498.0,218.0,2026-01-01,1,2,1,19,1,5,5
916,70,7678.0,4810,9015.0,188.0,2026-01-01,2,1,1,4,2,4,4
917,94,16792.0,11061,18330.0,149.0,2026-01-01,4,2,2,7,4,8,6
918,71,8170.0,4809,8741.0,161.0,2026-01-01,2,1,1,2,2,8,6
919,65,7547.0,4376,8031.0,212.0,2026-01-01,2,2,1,14,2,4,4
920,108,9741.0,6166,11080.0,133.0,2025-01-01,4,1,1,15,4,8,6
921,159,16547.0,9660,17827.0,159.0,2026-01-01,2,1,1,2,2,4,4
922,103,5627.0,3280,5980.0,174.0,2023-01-01,1,1,1,19,1,4,4
923,68,6682.0,8860,8172.0,162.0,2025-01-01,2,2,1,4,2,2,2
924,57,6283.0,8092,6984.0,210.0,2026-01-01,2,1,1,6,2,8,6
925,70,6403.0,4851,7902.0,208.0,2025-01-01,2,1,1,14,2,7,3
926,115,13072.0,9230,13477.0,155.0,2026-01-01,3,2,1,8,3,8,6
927,97,15387.0,10161,17894.0,168.0,2026-01-01,4,2,1,7,4,5,5
928,64,9899.0,7920,12509.0,140.0,2025-01-01,2,2,2,14,2,7,3
929,118,9105.0,6101,10383.0,151.0,2024-01-01,2,2,1,10,2,1,1
930,101,7706.0,4753,9317.0,198.0,2026-01-01,1,1,1,19,1,5,5
931,102,16439.0,8920,17658.0,185.0,2026-01-01,4,2,1,7,4,5,5
932,78,8683.0,5233,10055.0,175.0,2025-01-01,2,2,1,5,2,4,4
933,71,7022.0,4397,8183.0,208.0,2026-01-01,2,2,1,14,2,4,4
934,115,15624.0,10001,16679.0,171.0,2025-01-01,3,1,1,3,3,8,6
935,67,6965.0,4451,7483.0,175.0,2024-01-01,2,2,1,4,2,2,2
936,95,11970.0,7862,13489.0,163.0,2026-01-01,5,3,1,11,5,1,1
937,62,5280.0,4025,5907.0,213.0,2025-01-01,2,1,1,6,2,4,4
938,60,6619.0,8586,7094.0,202.0,2026-01-01,2,1,1,6,2,8,6
939,69,7164.0,5181,9422.0,164.0,2026-01-01,2,1,1,4,2,4,4
940,198,18416.0,14757,22238.0,144.0,2023-01-01,2,1,1,4,2,5,5
941,81,7699.0,5232,8686.0,171.0,2026-01-01,2,2,1,5,2,8,6
942,147,15275.0,10502,16411.0,134.0,2026-01-01,2,1,1,10,2,1,1
943,109,9350.0,5216,10273.0,179.0,2026-01-01,5,2,1,11,5,1,1
944,69,8278.0,6197,9358.0,215.0,2025-01-01,2,5,1,4,2,7,3
945,66,7911.0,4855,9153.0,176.0,2026-01-01,1,2,1,9,1,2,2
946,70,6688.0,4065,6701.0,203.0,2026-01-01,1,1,1,9,1,4,4
947,167,18567.0,11933,20512.0,116.0,2026-01-01,3,3,1,8,3,8,6
948,104,8553.0,6505,9724.0,218.0,2025-01-01,1,2,1,9,1,7,3
949,117,13765.0,9256,13015.0,209.0,2026-01-01,3,2,1,8,3,8,6
950,134,14811.0,10728,17757.0,155.0,2026-01-01,2,1,1,14,2,2,2
951,68,6521.0,4415,6999.0,200.0,2024-01-01,1,1,1,1,1,6,4
952,81,10844.0,7009,12435.0,145.0,2026-01-01,2,1,1,14,2,2,2
953,195,32645.0,22340,38286.0,65.0,2026-01-01,5,5,1,21,5,2,2
954,70,5452.0,3557,7035.0,167.0,2026-01-01,2,2,1,4,2,5,5
955,70,8078.0,5238,9332.0,178.0,2026-01-01,2,1,1,2,2,8,6
956,102,21260.0,12733,25454.0,114.0,2026-01-01,5,1,1,21,5,1,1
957,130,15013.0,9300,16548.0,151.0,2026-01-01,2,1,1,10,2,4,4
958,99,10240.0,6021,10556.0,140.0,2025-01-01,4,1,1,15,4,8,6
959,168,18864.0,12508,20835.0,119.0,2026-01-01,3,3,1,8,3,8,6
960,86,7006.0,5189,8253.0,184.0,2025-01-01,2,2,1,10,2,7,3
961,77,6992.0,4732,6914.0,169.0,2026-01-01,2,1,1,6,2,8,6
962,84,6751.0,4863,8147.0,195.0,2025-01-01,2,2,1,10,2,7,3
963,122,18126.0,12972,18084.0,123.0,2026-01-01,2,4,1,2,2,7,3
964,90,11365.0,7999,12221.0,164.0,2024-01-01,2,1,1,20,2,8,6
965,115,14119.0,8902,13215.0,167.0,2026-01-01,3,2,1,8,3,8,6
966,74,6604.0,4147,7543.0,183.0,2026-01-01,1,2,1,19,1,5,5
967,93,8778.0,6791,10366.0,168.0,2026-01-01,1,3,1,19,1,4,4
968,71,18838.0,12962,21747.0,139.0,2025-01-01,2,2,2,14,2,1,1
969,88,11927.0,8534,13168.0,147.0,2026-01-01,5,4,1,11,5,7,3
970,109,18566.0,13396,21953.0,133.0,2024-01-01,5,3,1,17,5,8,6
971,65,10643.0,7978,12425.0,142.0,2025-01-01,2,2,2,14,2,7,3
972,116,9455.0,6525,10520.0,165.0,2024-01-01,2,2,1,10,2,1,1
973,68,8010.0,5783,9837.0,186.0,2025-01-01,2,5,1,4,2,7,3
974,73,8130.0,5930,9899.0,191.0,2025-01-01,2,5,1,4,2,7,3
975,58,6499.0,8292,7609.0,215.0,2026-01-01,2,1,1,6,2,8,6
976,190,36789.0,23596,36719.0,49.0,2026-01-01,6,2,1,12,6,5,5
977,70,6436.0,3600,7460.0,218.0,2024-01-01,1,2,1,1,1,7,3
978,110,5213.0,3337,6004.0,205.0,2023-01-01,1,1,1,19,1,4,4
979,186,38212.0,30504,48571.0,31.0,2026-01-01,5,2,1,16,5,1,1
980,98,17159.0,11009,21023.0,176.0,2026-01-01,4,2,2,7,4,2,2
981,66,6384.0,4001,7419.0,207.0,2026-01-01,1,2,1,19,1,5,5
982,108,11198.0,6760,12563.0,147.0,2026-01-01,2,2,1,5,2,4,4
983,97,16197.0,10623,18231.0,134.0,2026-01-01,4,2,2,7,4,8,6
984,114,14670.0,10583,17355.0,142.0,2025-01-01,3,1,1,3,3,8,6
985,68,6511.0,4513,7573.0,218.0,2026-01-01,1,2,1,19,1,5,5
986,105,15271.0,10734,18144.0,132.0,2026-01-01,3,2,1,3,3,2,2
987,197,34034.0,20780,37369.0,67.0,2026-01-01,5,5,1,21,5,2,2
988,68,18769.0,13868,22492.0,130.0,2025-01-01,2,2,2,14,2,1,1
989,64,6799.0,5238,7350.0,204.0,2025-01-01,2,1,1,14,2,7,3
990,70,9109.0,6267,10195.0,134.0,2026-01-01,2,2,1,2,2,1,1
991,161,33666.0,21119,35217.0,75.0,2025-01-01,5,2,1,16,5,4,4
992,95,16887.0,11518,20509.0,148.0,2026-01-01,4,3,1,7,4,8,6
993,79,10505.0,6606,11688.0,145.0,2024-01-01,2,2,1,6,2,7,3
994,69,5324.0,3553,6438.0,185.0,2026-01-01,2,2,1,4,2,5,5
995,96,12456.0,8888,13746.0,156.0,2023-01-01,4,3,1,7,4,8,6
996,222,34395.0,20584,40562.0,23.0,2026-01-01,5,4,1,21,5,7,3
997,90,13298.0,9517,15321.0,121.0,2026-01-01,4,2,2,7,4,7,3
998,173,16943.0,10487,20220.0,171.0,2024-01-01,1,1,1,22,1,4,4
999,121,16353.0,9613,19460.0,146.0,2026-01-01,3,3,1,8,3,2,2
1000,163,19569.0,11642,21081.0,132.0,2025-01-01,2,1,1,4,2,5,5
